Date,stocks,bonds
1/4/2005,-0.012211255,-0.010427011
1/5/2005,-0.006902236,0.005352066
1/6/2005,0.005082988,0.000665447
1/7/2005,-0.001444938,0.002161264
1/10/2005,0.004754522,0.001658925
1/11/2005,-0.006892295,0.005796621
1/12/2005,0.003314688,0.001317306
1/13/2005,-0.00805286,0.009702352
1/14/2005,0.005308077,-0.000162866
1/18/2005,0.010353039,0.003420753
1/19/2005,-0.010451891,0.00275974
1/20/2005,-0.006006006,0.002104582
1/21/2005,-0.006146474,0.000969305
1/24/2005,-0.001991614,0.00435765
1/25/2005,0.002835837,-0.009480958
1/26/2005,0.002932551,0.001946788
1/27/2005,0.001775272,-0.001943005
1/28/2005,0,0.010058404
1/31/2005,0.006150318,0.002891102
2/1/2005,0.006423539,-0.001601537
2/2/2005,0.002985382,0.00240616
2/3/2005,-0.002565945,-0.000640102
2/4/2005,0.01070179,0.013931145
2/7/2005,-0.001425372,0.007422615
2/8/2005,0.001223491,0.005643518
2/9/2005,-0.007535642,0.002650039
2/10/2005,0.003693823,-0.013370647
2/11/2005,0.008587201,-0.000787898
2/14/2005,-0.000810866,0.003154077
2/15/2005,0.003753297,-0.005030656
2/16/2005,0.000707428,-0.003792068
2/17/2005,-0.008079176,-0.006185567
2/18/2005,0.001323559,-0.008937121
2/22/2005,-0.014946619,-0.004508857
2/23/2005,0.007225434,0.003396959
2/24/2005,0.006558721,-0.002256972
2/25/2005,0.009977601,0.00484731
2/28/2005,-0.006653226,-0.010773436
3/1/2005,0.0049726,-0.000325098
3/2/2005,-0.000504898,-0.001300813
3/3/2005,0.000404122,-0.00048844
3/4/2005,0.012522723,0.010750937
3/7/2005,0.000498703,0.004029009
3/8/2005,-0.003788256,-0.009470305
3/9/2005,-0.011107775,-0.016366877
3/10/2005,0.00222627,0.006095552
3/11/2005,-0.006966882,-0.007204847
3/14/2005,0.006202339,0.005937655
3/15/2005,-0.008286176,-0.006394491
3/16/2005,-0.008457306,0.006105611
3/17/2005,0.001952523,0.003280302
3/18/2005,-0.002871795,-0.006212196
3/21/2005,-0.003805801,-0.002796513
3/22/2005,-0.01011874,-0.008578027
3/23/2005,0.000834463,0.004825291
3/24/2005,0.001250651,0.002152674
3/28/2005,0.001457271,-0.006113681
3/29/2005,-0.006652115,0.005818786
3/30/2005,0.014125772,0.004958678
3/31/2005,-0.001857202,0.007236842
4/1/2005,-0.004444904,0.003429131
4/4/2005,0.001661302,-0.000325468
4/5/2005,0.004768322,-0.002441804
4/6/2005,0.003404519,0.003426893
4/7/2005,0.005449311,-0.008131403
4/8/2005,-0.010430514,0.003607149
4/11/2005,0.000826702,0.005391276
4/12/2005,0.005162623,0.009262268
4/13/2005,-0.011813046,-0.00241507
4/14/2005,-0.013097713,-0.001613944
4/15/2005,-0.013903518,0.013255739
4/18/2005,0.002990814,-0.000797703
4/19/2005,0.00798722,0.009739741
4/20/2005,-0.013946117,-0.002530044
4/21/2005,0.01939355,-0.010462904
4/22/2005,-0.003783897,0.008330663
4/25/2005,0.006541464,0.003018748
4/26/2005,-0.009643606,-0.001584033
4/27/2005,0.003916173,0.003490401
4/28/2005,-0.012546125,0.00743083
4/29/2005,0.013559684,-0.001726303
5/2/2005,0.005583061,-0.000157208
5/3/2005,0.001676095,0.002672956
5/4/2005,0.007738967,-0.008781559
5/5/2005,-0.000311333,0.002214839
5/6/2005,-0.003114295,-0.0074191
5/9/2005,0.006143913,0.001113232
5/10/2005,-0.010349824,0.007148531
5/11/2005,0.005542773,0.002996845
5/12/2005,-0.011024441,0.003931436
5/13/2005,-0.001998107,0.00391604
5/16/2005,0.009378293,-0.001248245
5/17/2005,0.006681282,0.002812061
5/18/2005,0.010266515,0.006698863
5/19/2005,0.004208581,-0.002630764
5/20/2005,-0.001431054,0.001241272
5/23/2005,0.00552769,0.007748334
5/24/2005,-0.002341444,0.002767953
5/25/2005,-0.000714286,-0.006900782
5/26/2005,0.005309915,-0.000463249
5/27/2005,0.001726765,0.001081415
5/31/2005,-0.006388157,0.0125
6/1/2005,0.008470252,0.012193263
6/2/2005,0.00222627,0.002409276
6/3/2005,-0.005048465,-0.00826198
6/6/2005,-0.000913335,0.005301424
6/7/2005,0.000711021,0.007834865
6/8/2005,-0.00182704,-0.004783974
6/9/2005,0.004779337,-0.000751089
6/10/2005,-0.0023277,-0.011274805
6/13/2005,0.003144654,-0.005929755
6/14/2005,0.002325817,-0.006576935
6/15/2005,0.001916868,0.00169361
6/16/2005,0.00251737,0.005072241
6/17/2005,0.003716352,-0.000152929
6/20/2005,0.00030021,-0.001682472
6/21/2005,0.00060024,0.007354068
6/22/2005,0.00079984,0.0121673
6/23/2005,-0.014085914,-0.001051841
6/24/2005,-0.007295572,0.004963899
6/27/2005,0.001429009,0.002694207
6/28/2005,0.008357966,-0.006866697
6/29/2005,-0.002628121,-0.001503081
6/30/2005,-0.005472788,0.009032064
7/1/2005,0.002955263,-0.012233328
7/5/2005,0.008026824,-0.009364144
7/6/2005,-0.008366092,0.005488642
7/7/2005,0.00396422,0.00212282
7/8/2005,0.011440721,-0.004085338
7/11/2005,0.005105105,0
7/12/2005,0.002589384,-0.005621392
7/13/2005,0.001390682,-0.001527884
7/14/2005,0.00396786,-0.002601377
7/15/2005,-0.000592827,0.002761583
7/18/2005,-0.004053386,-0.00749694
7/19/2005,0.005558864,0.003545553
7/20/2005,0.003356367,0.005376344
7/21/2005,-0.005804801,-0.013598167
7/22/2005,0.006630381,0.007899628
7/25/2005,-0.002752654,-0.003688336
7/26/2005,0.001182965,0.001542496
7/27/2005,0.003643167,-0.00154012
7/28/2005,0.006278819,0.008946475
7/29/2005,-0.006629619,-0.009937318
8/1/2005,-0.000687015,-0.003705991
8/2/2005,0.005892752,-0.003254805
8/3/2005,0.002733841,0.004820401
8/4/2005,-0.008081792,-0.002011761
8/5/2005,-0.006773339,-0.00775314
8/8/2005,-0.001877841,-0.001875293
8/9/2005,0.006040202,0.003757633
8/10/2005,-0.000492126,-0.001091873
8/11/2005,0.00403742,0.006870706
8/12/2005,-0.006178894,0.010235732
8/15/2005,0.00621731,-0.002609764
8/16/2005,-0.013044331,0.007080191
8/17/2005,-9.93739E-05,-0.006724744
8/18/2005,-9.93838E-05,0.007385752
8/19/2005,0.002286055,0
8/22/2005,0,-0.001069192
8/23/2005,-0.001884173,0.004587156
8/24/2005,-0.008842524,0.000913242
8/25/2005,0.003608661,0.003193431
8/26/2005,-0.00679185,-0.000303168
8/29/2005,0.0076428,0.00121304
8/30/2005,-0.005289421,0.006360745
8/31/2005,0.012641718,0.008427389
9/1/2005,-0.00069355,-0.005969258
9/2/2005,-0.001784652,0.000750638
9/6/2005,0.011720302,-0.007050705
9/7/2005,0.001668957,-0.009366974
9/8/2005,-0.003332353,0.001067561
9/9/2005,0.008948766,0.003199269
9/12/2005,-0.002046784,-0.006833713
9/13/2005,-0.00556695,0.005198777
9/14/2005,-0.003633864,-0.00380286
9/15/2005,-0.000492854,-0.008245534
9/16/2005,0.007100592,-0.006620477
9/19/2005,-0.003231492,0.00216987
9/20/2005,-0.008448767,0.002629137
9/21/2005,-0.009412464,0.009254975
9/22/2005,0.00360072,-0.000917011
9/23/2005,0.000797289,-0.007495793
9/26/2005,0.001194981,-0.004623921
9/27/2005,-0.000298389,0.00139362
9/28/2005,0.000994926,0.006803773
9/29/2005,0.008150283,-0.004607587
9/30/2005,0.003056295,-0.003394538
10/3/2005,-0.003538431,-0.007895959
10/4/2005,-0.011244821,0.003433208
10/5/2005,-0.013168396,0.004354588
10/6/2005,-0.003538213,-0.003871168
10/7/2005,0.003449325,0.00404166
10/10/2005,-0.008492569,-0.000619291
10/11/2005,-0.001427552,-0.002013943
10/12/2005,-0.007862759,-0.009779572
10/13/2005,-0.000514615,-0.003605581
10/14/2005,0.010503553,-0.001573317
10/17/2005,0.003668603,-0.000315159
10/18/2005,-0.010762514,0.001103405
10/19/2005,0.016627322,0.000472367
10/20/2005,-0.017667845,0.00267548
10/21/2005,0.003905447,0.009260713
10/24/2005,0.015561016,-0.00777605
10/25/2005,-0.002016129,-0.00862069
10/26/2005,-0.002929293,-0.007272727
10/27/2005,-0.01063722,0.003663004
10/28/2005,0.014437846,0
10/31/2005,0.002725346,0.001904157
11/1/2005,0.003019932,-0.001108647
11/2/2005,0.010437575,-0.00475662
11/3/2005,0.004270957,-0.006691094
11/4/2005,-0.001285728,-0.001603849
11/7/2005,0.000891266,0.003373494
11/8/2005,0,0.00976625
11/9/2005,0.001385179,-0.010306009
11/10/2005,0.007706748,0.012175585
11/11/2005,0.003431709,0.000633112
11/14/2005,-0.000586281,-0.007592534
11/15/2005,-0.003617521,0.006534906
11/16/2005,0.002060642,0.01060966
11/17/2005,0.009302781,0.00235036
11/18/2005,0.003880858,-0.004533375
11/21/2005,0.005025611,0.002983668
11/22/2005,0.004327339,0.001252544
11/23/2005,0.005744925,-0.003752932
11/25/2005,0.000856816,0.003610108
11/28/2005,-0.007134025,0.005004692
11/29/2005,-0.001053842,-0.009492686
11/30/2005,-0.005466577,-0.001099764
12/1/2005,0.010221794,-0.001572822
12/2/2005,0.001240932,0.00031506
12/5/2005,-0.002097435,-0.004409449
12/6/2005,0.001910767,0.010123379
12/7/2005,-0.005816725,-0.003758221
12/8/2005,-0.000671398,0.006444514
12/9/2005,0.00259142,-0.00780884
12/12/2005,0.000957304,-0.001888871
12/13/2005,0.006885998,0.003627188
12/14/2005,0.003894377,0.010213702
12/15/2005,-0.002933106,-0.002333178
12/16/2005,-0.003226419,0.003274088
12/19/2005,-0.005140899,0.001087801
12/20/2005,0.000956938,-0.00124185
12/21/2005,0.001625239,-0.001865092
12/22/2005,0.005249594,0.007941451
12/23/2005,0.000569692,0.006179515
12/27/2005,-0.010248624,0.008137571
12/28/2005,0.002301055,-0.002741395
12/29/2005,-0.004495887,0.002138057
12/30/2005,-0.005380994,-0.002285888
1/3/2006,0.017582842,-0.001221934
1/4/2006,0.004746986,0.002446857
1/5/2006,0.000566947,-0.001220442
1/6/2006,0.008310511,-0.001832901
1/9/2006,0.002622459,0.000612089
1/10/2006,0.001027557,-0.008105215
1/11/2006,0.003172826,-0.001695961
1/12/2006,-0.004,0.006795367
1/13/2006,-0.000933968,0.005829115
1/17/2006,-0.00271104,0.004422754
1/18/2006,-0.003937008,-0.000303674
1/19/2006,0.003764352,-0.003037667
1/20/2006,-0.018188637,0.00274223
1/23/2006,0.003533231,-0.000455789
1/24/2006,0.001046722,-0.004863961
1/25/2006,0.000855513,-0.010844662
1/26/2006,0.005603571,-0.004323657
1/27/2006,0.009255761,0
1/30/2006,-0.000842223,-0.000930521
1/31/2006,-0.007305423,0.002794163
2/1/2006,0.006981791,-0.003405573
2/2/2006,-0.011618102,0.001863933
2/3/2006,-0.004929377,0.007131783
2/6/2006,0.002572163,0.001847291
2/7/2006,-0.008836944,-0.004609711
2/8/2006,0.009107468,-0.002315529
2/9/2006,-0.001615048,0.00448708
2/10/2006,0.001807974,-0.005545287
2/13/2006,-0.001804711,0.000154895
2/14/2006,0.010562375,-0.003562026
2/15/2006,0.003483992,0.002486789
2/16/2006,0.007506803,0.000155039
2/17/2006,-0.002700941,0.008060766
2/21/2006,-0.002521479,-0.001691527
2/22/2006,0.006085573,0.006777572
2/23/2006,-0.001488926,-0.00244798
2/24/2006,0.002609506,-0.001533742
2/27/2006,0.000371816,-0.001689708
2/28/2006,-0.009477792,0.004923834
3/1/2006,0.00891182,-0.00597152
3/2/2006,-9.298E-05,-0.006931608
3/3/2006,-0.004649433,-0.005894214
3/6/2006,-0.004577728,-0.008737713
3/7/2006,-0.001595495,0.00078703
3/8/2006,0.002162061,-0.000314564
3/9/2006,-0.006753588,0.000314663
3/10/2006,0.0095382,-0.003774772
3/13/2006,0.001870907,-0.000789391
3/14/2006,0.010457516,0.006636119
3/15/2006,0.004435409,-0.005336682
3/16/2006,0.002115915,0.008994792
3/17/2006,0.000826219,-0.002971536
3/20/2006,-0.001651073,0.001568627
3/21/2006,-0.006247703,-0.005168363
3/22/2006,0.006102071,0.00220403
3/23/2006,-0.002113582,-0.003298775
3/24/2006,0.000736716,0.007407407
3/27/2006,-0.001380326,-0.003754693
3/28/2006,-0.006173977,-0.009265075
3/29/2006,0.006212332,-0.004755112
3/30/2006,-0.001750829,-0.007007485
3/31/2006,0.000276932,-0.00032077
4/3/2006,-0.000830565,0.000320873
4/4/2006,0.006465318,-0.001122694
4/5/2006,0.00339543,0.001445087
4/6/2006,-0.001006036,-0.007696008
4/7/2006,-0.010162043,-0.009694619
4/10/2006,0.001479837,0.001957905
4/11/2006,-0.008496491,0.003419638
4/12/2006,0.001862891,-0.006004544
4/13/2006,-0.001301599,-0.007183673
4/17/2006,-0.00037237,0.003782273
4/18/2006,0.015831626,0.001802097
4/19/2006,0.001925193,-0.006214227
4/20/2006,0.001372495,-0.000822774
4/21/2006,0.000182749,0.005764163
4/24/2006,-0.001827151,0.004093663
4/25/2006,-0.004118616,-0.011904762
4/26/2006,0.000183807,-0.001650437
4/27/2006,0.004869981,0.001322533
4/28/2006,0.003383321,0.000660393
5/1/2006,-0.00820195,-0.007424517
5/2/2006,0.007534687,0.002659574
5/3/2006,-0.00373917,-0.002155172
5/4/2006,0.003570121,-0.001661406
5/5/2006,0.008847943,0.005991013
5/8/2006,-0.001175407,0.000496278
5/9/2006,0.001991491,-0.000496032
5/10/2006,-0.000542054,0.001819686
5/11/2006,-0.012112447,-0.004953765
5/12/2006,-0.012992955,-0.008297378
5/15/2006,0.001946788,0.004016064
5/16/2006,-0.001480385,0.0075
5/17/2006,-0.018995552,-0.006286187
5/18/2006,-0.00500614,0.013650741
5/19/2006,0.007024872,0.002627689
5/22/2006,-0.007635747,0.002129402
5/23/2006,-0.007599506,-0.000653808
5/24/2006,0.007944865,0.000490677
5/25/2006,0.012345679,-0.003923492
5/26/2006,0.005159475,-0.000656491
5/30/2006,-0.017825478,-0.000492692
5/31/2006,0.011212467,-0.005915215
6/1/2006,0.009584665,0.00446281
6/2/2006,0.002047655,0.012835281
6/5/2006,-0.014490061,-0.001299756
6/6/2006,-0.002450518,0.004717748
6/7/2006,-0.007558579,0.000323834
6/8/2006,-0.000856816,0.001942376
6/9/2006,-0.003144354,0.005331179
6/12/2006,-0.010896578,0.000803471
6/13/2006,-0.011596444,0.000642261
6/14/2006,0.007723895,-0.009948652
6/15/2006,0.021247696,-0.005834684
6/16/2006,-0.007315219,-0.002282361
6/19/2006,-0.007847641,-0.00130719
6/20/2006,0.003376097,-0.001799738
6/21/2006,0.007498558,0.000327815
6/22/2006,-0.004484733,-0.005734884
6/23/2006,-9.58497E-05,-0.001977587
6/26/2006,0.004409509,-0.001981506
6/27/2006,-0.008684864,0.0049636
6/28/2006,0.006835467,-0.005268357
6/29/2006,0.020175942,0.003310162
6/30/2006,9.37295E-05,0.009732761
7/3/2006,0.004029991,-0.000980232
7/5/2006,-0.005694017,-0.008013083
7/6/2006,0.002910252,0.006099571
7/7/2006,-0.00645886,0.006554154
7/10/2006,0.001884304,0.000813935
7/11/2006,0.004419786,0.00325309
7/12/2006,-0.010673158,0.000324254
7/13/2006,-0.016277089,0.003889789
7/14/2006,-0.003848004,0.00048434
7/17/2006,-0.001448576,0.001613684
7/18/2006,0.005029014,-0.008538747
7/19/2006,0.013953041,0.009424764
7/20/2006,-0.006927968,0.002897618
7/21/2006,-0.0069763,-0.001926164
7/24/2006,0.018188817,-0.00048247
7/25/2006,0.003591682,-0.002896219
7/26/2006,0.001318516,0.003550105
7/27/2006,-0.000940557,-0.001447178
7/28/2006,0.010073432,0.005636071
7/31/2006,-0.001025259,0.001281025
8/1/2006,-0.004944952,0
8/2/2006,0.006751055,0.003678234
8/3/2006,0.002607805,0.000318674
8/4/2006,-0.001672085,0.006052883
8/7/2006,-0.002326231,0.000474984
8/8/2006,-0.003823913,-0.002057288
8/9/2006,-0.003370471,-0.003330162
8/10/2006,0.003006106,-0.001431981
8/11/2006,-0.002809778,-0.00446144
8/14/2006,0.000845309,-0.001760563
8/15/2006,0.011918168,0.008497675
8/16/2006,0.008346471,0.006836248
8/17/2006,0.002483215,-0.000473709
8/18/2006,0.005137615,0.00300158
8/21/2006,-0.004289887,0.003465113
8/22/2006,-9.16674E-05,0.000470884
8/23/2006,-0.002750275,0.000313775
8/24/2006,-0.000827358,0.001882058
8/25/2006,0.001196062,0.001565435
8/28/2006,0.004778533,0.000937793
8/29/2006,0.001188952,0.001249219
8/30/2006,0.000548095,0.002651279
8/31/2006,-9.12992E-05,0.002488723
9/1/2006,0.005934989,0.000310318
9/5/2006,0.001906145,-0.006359547
9/6/2006,-0.008787824,-0.001248829
9/7/2006,-0.004661366,0.001875586
9/8/2006,0.002846648,0.000780031
9/11/2006,0.001007234,-0.000935308
9/12/2006,0.009879254,0.005149009
9/13/2006,0.003985507,0.000465694
9/14/2006,9.02201E-05,-0.002327386
9/15/2006,0.002345512,-0.000777605
9/18/2006,0.001350014,-0.001712062
9/19/2006,-0.002516628,0.011225444
9/20/2006,0.005316273,0.001541782
9/21/2006,-0.004840011,0.009082512
9/22/2006,-0.00297217,0.005034325
9/25/2006,0.00767841,0.006982392
9/26/2006,0.008247423,-0.004220681
9/27/2006,0.001244776,-0.002876173
9/28/2006,-0.000355208,-0.001669956
9/29/2006,-0.000888336,-0.001216545
10/2/2006,-0.003734329,0.00274056
10/3/2006,0.002141901,-0.001366535
10/4/2006,0.011666221,0.00729816
10/5/2006,0.00193662,-0.006943396
10/6/2006,-0.001230012,-0.010487916
10/9/2006,0.000527797,0.002764977
10/10/2006,0.001406717,-0.007965686
10/11/2006,-0.001229148,-0.00293391
10/12/2006,0.008702532,0.000619483
10/13/2006,0.002527233,-0.005107568
10/16/2006,0.001564673,0.004511512
10/17/2006,-0.003124458,0.000774353
10/18/2006,0.001305938,0.002011761
10/19/2006,0.001565081,-0.001698842
10/20/2006,0.000260439,-0.001082921
10/23/2006,0.004599896,-0.004026638
10/24/2006,0.002937365,0
10/25/2006,0.003445603,0.007930337
10/26/2006,0.003090394,0.006479482
10/27/2006,-0.006247326,0.004598406
10/30/2006,-0.00077506,0.002898993
10/31/2006,-8.61846E-05,0.007759014
11/1/2006,-0.006809171,0.005434783
11/2/2006,-0.000520698,-0.004054054
11/3/2006,-0.001823392,-0.011910146
11/6/2006,0.011308281,0.003051572
11/7/2006,0.003870635,0.004563432
11/8/2006,0.002142062,0.003634161
11/9/2006,-0.005215458,-0.0006035
11/10/2006,0.000429738,0.004378019
11/13/2006,0.002405498,-0.000300616
11/14/2006,0.007541995,0.003909187
11/15/2006,0.002807077,-0.003744196
11/16/2006,0.00262957,-0.004509922
11/17/2006,0.000253807,0.005587436
11/20/2006,0.000592066,0.0016519
11/21/2006,0.00101437,0.002398801
11/22/2006,0.001942239,0.001645229
11/24/2006,-0.004045512,0.001791847
11/27/2006,-0.013709063,0.003577284
11/28/2006,0.004290004,0.002227833
11/29/2006,0.010422896,-0.002371073
11/30/2006,0.000422761,0.006535948
12/1/2006,-0.002197431,0.002656434
12/4/2006,0.007623242,0.001766264
12/5/2006,0.004371217,-0.004701734
12/6/2006,-0.00083696,-0.002066726
12/7/2006,-0.004439605,-0.000739645
12/8/2006,0.001851073,-0.007253886
12/11/2006,0.002939447,0.004324486
12/12/2006,-0.000753643,0.002078693
12/13/2006,0.001005615,-0.008890206
12/14/2006,0.008874006,-0.003737479
12/15/2006,8.29807E-05,0.00060024
12/18/2006,-0.002738135,0.00029994
12/19/2006,0.001830435,-0.001349325
12/20/2006,-0.000498297,0
12/21/2006,-0.003656003,0.004954211
12/22/2006,-0.006171295,-0.007618763
12/26/2006,0.005873962,0.003010688
12/27/2006,0.006590473,-0.007354045
12/28/2006,-0.002071938,-0.002267917
12/29/2006,-0.004152479,-0.000757691
1/3/2007,-0.001834709,0.007127692
1/4/2007,0.002172278,0.006023189
1/5/2007,-0.008003335,-0.004340668
1/8/2007,0.004622237,0.001803969
1/9/2007,-0.00083654,0
1/10/2007,0.003348962,-0.004501801
1/11/2007,0.004339119,-0.005878806
1/12/2007,0.007643735,-0.004548901
1/16/2007,-0.001978892,0.002132521
1/17/2007,0.000413087,-0.003039976
1/18/2007,-0.003303328,0.003049245
1/19/2007,0.001905709,-0.002735978
1/22/2007,-0.003059874,0.002438653
1/23/2007,0.002986313,-0.00668998
1/24/2007,0.008022496,0
1/25/2007,-0.011732852,-0.007194245
1/26/2007,-0.000913242,-0.000925069
1/29/2007,-0.000581685,-0.002160494
1/30/2007,0.005238214,0.001237241
1/31/2007,0.006699752,0.008341057
2/1/2007,0.005997864,-0.00122549
2/2/2007,0.001388435,0.001380368
2/5/2007,0.000244678,0.001378465
2/6/2007,0.000326158,0.005353319
2/7/2007,0.002200848,0.003042751
2/8/2007,-0.001301342,0.00075838
2/9/2007,-0.007492467,-0.00560776
2/12/2007,-0.003364241,-0.002286237
2/13/2007,0.008397826,-0.002138711
2/14/2007,0.006531679,0.009491733
2/15/2007,0.001378975,0.002881407
2/16/2007,-0.000486027,0.003477998
2/20/2007,0.00210714,0.002260398
2/21/2007,-0.000404367,-0.001653887
2/22/2007,-0.000809061,-0.005421687
2/23/2007,-0.00388664,0.007116899
2/26/2007,-0.000894164,0.006615547
2/27/2007,-0.039052966,0.012696042
2/28/2007,0.010244687,-0.004572271
3/1/2007,-0.002933289,-0.00059268
3/2/2007,-0.013112549,0.005040771
3/5/2007,-0.009539222,0.001622658
3/6/2007,0.017112391,-0.002945508
3/7/2007,-0.001014542,0.003840473
3/8/2007,0.008463101,-0.000882872
3/9/2007,0.000335683,-0.010456554
3/12/2007,0.001426174,0.003869623
3/13/2007,-0.019435369,0.006078577
3/14/2007,0.007518155,-0.004568229
3/15/2007,0.001356737,-0.000148038
3/16/2007,-0.002794479,-0.00014806
3/19/2007,0.012058424,-0.002221235
3/20/2007,0.005453935,0.000593648
3/21/2007,0.016439957,0.000444972
3/22/2007,-0.000738916,-0.007857672
3/23/2007,0.001478925,-0.002839211
3/26/2007,-0.001312659,0.001198861
3/27/2007,-0.002382322,-0.00164646
3/28/2007,-0.007328722,-0.002098951
3/29/2007,0.001078391,-0.001352163
3/30/2007,0.000248591,-0.001805326
4/2/2007,0.001076961,0.001657875
4/3/2007,0.010758027,-0.001354198
4/4/2007,0.001146226,0.001054693
4/5/2007,0.002698724,-0.003762793
4/9/2007,0.00138651,-0.00664753
4/10/2007,0.001140251,0.003041825
4/11/2007,-0.004067686,-0.00060652
4/12/2007,0.00449273,0.000151722
4/13/2007,0.004553956,-0.003033981
4/16/2007,0.009471383,0.005477785
4/17/2007,0.002646351,0.005599274
4/18/2007,0.001199712,0.00496614
4/19/2007,-0.000239655,-0.0016472
4/20/2007,0.009428686,-0.002699865
4/23/2007,-0.003720415,0.003759964
4/24/2007,0.000397267,0.003596044
4/25/2007,0.009133508,-0.003433861
4/26/2007,0.001180545,-0.007191011
4/27/2007,-0.000786102,-0.000301796
4/30/2007,-0.008339234,0.010566038
5/1/2007,0.002538675,0.000746826
5/2/2007,0.00585582,-0.000597015
5/3/2007,0.005428369,-0.002240143
5/4/2007,0.003834116,0.004041311
5/7/2007,0.000155897,0.002683363
5/8/2007,-0.001324916,-0.002230152
5/9/2007,0.002731388,-0.004023245
5/10/2007,-0.010428827,0.002393776
5/11/2007,0.008572552,-0.003432836
5/14/2007,-0.002183406,-0.002695821
5/15/2007,0.000234448,-0.000300345
5/16/2007,0.006875537,-0.000600871
5/17/2007,-0.002017537,-0.004208628
5/18/2007,0.008708499,-0.006641509
5/21/2007,-0.000539582,0.003039052
5/22/2007,-0.000771248,-0.005150735
5/23/2007,0.000154369,-0.002893254
5/24/2007,-0.009029171,0.00091631
5/25/2007,0.004127404,-0.002288679
5/29/2007,0.003645106,-0.000152929
5/30/2007,0.008113747,0.002141328
5/31/2007,-0.000996474,-0.001831502
6/1/2007,0.004910612,-0.005351682
6/4/2007,0.000152707,0.004611837
6/5/2007,-0.003969769,-0.00627391
6/6/2007,-0.010730436,-0.000461965
6/7/2007,-0.01805222,-0.017870898
6/8/2007,0.013018779,-0.000941176
6/11/2007,0.001713529,-0.002826189
6/12/2007,-0.010885623,-0.014485908
6/13/2007,0.014935933,0.011982745
6/14/2007,0.006428627,-0.00252605
6/15/2007,0.005694936,0.006805951
6/18/2007,-0.001224365,-0.002043704
6/19/2007,0.002528348,0.009294266
6/20/2007,-0.013909056,-0.007960044
6/21/2007,0.005580098,-0.004877281
6/22/2007,-0.009479769,0.006482213
6/25/2007,-0.004746343,0.005497958
6/26/2007,-0.010241576,0.000312451
6/27/2007,0.014218009,0.000937061
6/28/2007,-0.000155763,-0.000312061
6/29/2007,0.000311575,0.010301233
7/2/2007,0.009032861,0.005407076
7/3/2007,0.003627103,-0.006146281
7/5/2007,-0.000999616,-0.011286333
7/6/2007,0.00523399,-0.004065676
7/9/2007,0.000765697,0.003611242
7/10/2007,-0.014231064,0.017052566
7/11/2007,0.007063024,-0.010306107
7/12/2007,0.015799615,-0.003574759
7/13/2007,0.003034901,0.002807674
7/16/2007,-0.000151286,0.009643802
7/17/2007,-0.000529581,-0.002156833
7/18/2007,-0.001816668,0.003705419
7/19/2007,0.003867445,-0.000153822
7/20/2007,-0.010122375,0.009076923
7/23/2007,0.003052503,-0.001677085
7/24/2007,-0.017346318,0.003665241
7/25/2007,0.00209043,0.001978089
7/26/2007,-0.023719385,0.008352316
7/27/2007,-0.019626464,0.002861446
7/30/2007,0.015660316,-0.002853281
7/31/2007,-0.011285964,0.007228916
8/1/2007,0.004903537,-0.002093301
8/2/2007,0.00799936,0.002547198
8/3/2007,-0.025791604,0.006575998
8/6/2007,0.01678071,-0.007275427
8/7/2007,0.010655344,-0.000747831
8/8/2007,0.013951645,-0.012123934
8/9/2007,-0.029630209,0.001363636
8/10/2007,-0.004672897,-0.002420941
8/13/2007,0.003561599,0.00303352
8/14/2007,-0.015244394,0.002570694
8/15/2007,-0.013760341,-0.00361991
8/16/2007,0.007474462,0.01044505
8/17/2007,0.018382656,-0.004044944
8/20/2007,-0.000485673,0.000601685
8/21/2007,0.002024619,0.004810583
8/22/2007,0.011880708,-0.001645721
8/23/2007,-0.000958466,0.003446726
8/24/2007,0.012392069,0.004928315
8/27/2007,-0.009318487,0.005201367
8/28/2007,-0.022000797,0.001774098
8/29/2007,0.019643003,-0.002804014
8/30/2007,-0.00263789,0.006807755
8/31/2007,0.009858139,0.00073497
9/4/2007,0.010079365,0.000440658
9/5/2007,-0.008643042,0.008075173
9/6/2007,0.002298486,-0.002621614
9/7/2007,-0.013917444,0.01416472
9/10/2007,-0.001924619,0.007775378
9/11/2007,0.011650329,-0.000857265
9/12/2007,0.00262092,-0.003718004
9/13/2007,0.006970849,-0.008899096
9/14/2007,0,0.001448226
9/17/2007,-0.005427942,0.004772234
9/18/2007,0.029502491,-0.007484168
9/19/2007,0.005838967,-0.009280742
9/20/2007,-0.007027192,-0.018881733
9/21/2007,0.002692308,0.008503655
9/24/2007,-0.001841197,0.002810651
9/25/2007,-0.001998309,-0.003540345
9/26/2007,0.005313824,0.000888231
9/27/2007,0.005898575,0.006951634
9/28/2007,-0.003274693,0.00220329
10/1/2007,0.011231663,0.005715961
10/2/2007,-0.00136003,0.003206062
10/3/2007,-0.002042824,-0.002905288
10/4/2007,0.001592115,0.003787879
10/5/2007,0.011884036,-0.010740203
10/8/2007,-0.005311191,-0.000733568
10/9/2007,0.009400617,-0.001321392
10/10/2007,-0.0016391,0.000588062
10/11/2007,-0.004850746,-0.001028504
10/12/2007,0.005549306,-0.004853655
10/15/2007,-0.008427176,0.000147798
10/16/2007,-0.007972323,0.000443328
10/17/2007,0.003108415,0.010930576
10/18/2007,-0.003627844,0.005552309
10/19/2007,-0.026170068,0.014821273
10/22/2007,0.005842031,0.000143184
10/23/2007,0.008053899,-0.001288475
10/24/2007,-0.001843743,0.007454128
10/25/2007,0.0023859,-0.003414912
10/26/2007,0.011747543,-0.002284409
10/29/2007,0.003263262,0.003863766
10/30/2007,-0.00688351,-0.000570207
10/31/2007,0.010358748,-0.009128512
11/1/2007,-0.02336977,0.01309918
11/2/2007,0.001080664,0.003125888
11/5/2007,-0.007556481,-0.000424929
11/6/2007,0.013441069,-0.004817911
11/7/2007,-0.027368905,0.001708672
11/8/2007,-0.005044534,-0.001705757
11/9/2007,-0.013784362,0.008543358
11/12/2007,-0.009880312,0.003529578
11/13/2007,0.030504624,-0.00365785
11/14/2007,-0.002834199,0.001129624
11/15/2007,-0.014369177,0.009308886
11/16/2007,0.001682153,0.001397429
11/19/2007,-0.013914434,0.00655875
11/20/2007,0.006082232,-0.001109109
11/21/2007,-0.020393358,0.005829285
11/23/2007,0.017279684,0.003035739
11/26/2007,-0.022082019,0.019672582
11/27/2007,0.011497105,-0.009444145
11/28/2007,0.031973179,-0.006810133
11/29/2007,0.000316957,0.008639605
11/30/2007,0.010060203,-0.00489463
12/3/2007,-0.006587719,0.00792458
12/4/2007,-0.008920818,-0.000135556
12/5/2007,0.016727736,-0.011930586
12/6/2007,0.014337198,-0.008644347
12/7/2007,-0.000231714,-0.011211073
12/10/2007,0.007802843,-0.006019037
12/11/2007,-0.027443465,0.019574708
12/12/2007,0.009852605,-0.010359116
12/13/2007,-0.002029347,-0.010746685
12/14/2007,-0.012670108,-0.004655756
12/17/2007,-0.014337769,0.008929837
12/18/2007,0.005625653,0.006462489
12/19/2007,0,0.013260748
12/20/2007,0.006313434,-0.00220416
12/21/2007,0.014374206,-0.01463482
12/24/2007,0.007437564,-0.004623792
12/26/2007,0.00217594,-0.008727477
12/27/2007,-0.012562035,0.010792389
12/28/2007,-0.002512957,0.015594268
12/31/2007,-0.007400409,0.006086596
1/2/2008,-0.008803934,0.014436959
1/3/2008,-0.000480115,-0.001355381
1/4/2008,-0.024497638,0.000135722
1/7/2008,-0.000820681,0.004342516
1/8/2008,-0.016180698,-0.001080935
1/9/2008,0.010519285,0.001893683
1/10/2008,0.006526768,-0.013500743
1/11/2008,-0.008043996,0.007800739
1/14/2008,0.008109226,0.003666486
1/15/2008,-0.022079947,0.011229874
1/16/2008,-0.008561356,-0.007225047
1/17/2008,-0.025905858,0.012938005
1/18/2008,-0.010255519,-0.006785524
1/22/2008,-0.010186161,0.010582719
1/23/2008,0.024041874,-0.002253446
1/24/2008,0.008403361,-0.020061113
1/25/2008,-0.01443299,0.016946855
1/28/2008,0.016562064,-0.003732836
1/29/2008,0.004973418,-0.006824568
1/30/2008,-0.007423208,-0.006601994
1/31/2008,0.018224018,0.00718839
2/1/2008,0.016124947,0.005925128
2/4/2008,-0.01262878,-0.010307898
2/5/2008,-0.026758667,0.007709996
2/6/2008,-0.008040809,-0.003087248
2/7/2008,0.006624248,-0.021543019
2/8/2008,-0.006407481,0.011421494
2/11/2008,0.005054466,0.004217687
2/12/2008,0.009277725,-0.005961252
2/13/2008,0.010223368,-0.010631048
2/14/2008,-0.008759248,-0.014602562
2/15/2008,-0.000257378,0.00754928
2/19/2008,0.002831889,-0.009990287
2/20/2008,0.002909464,0.006867554
2/21/2008,-0.008276451,0.010579065
2/22/2008,0.006194614,-0.005785124
2/25/2008,0.012569474,-0.010113605
2/26/2008,0.007515622,0.000279916
2/27/2008,-0.001005783,0.000839513
2/28/2008,-0.00981626,0.017754788
2/29/2008,-0.022284359,0.015384615
3/3/2008,-0.002339891,-0.002570346
3/4/2008,-0.003822099,-0.00976536
3/5/2008,0.00627834,-0.011916176
3/6/2008,-0.020710572,0.005267535
3/7/2008,-0.010264578,0.00137893
3/10/2008,-0.013232007,0.014734233
3/11/2008,0.035969919,-0.008549328
3/12/2008,-0.009358055,0.019299206
3/13/2008,0.002207116,-0.007788371
3/14/2008,-0.015503876,0.012315604
3/17/2008,-0.010110952,0.007620321
3/18/2008,0.041580042,-0.003847685
3/19/2008,-0.024733142,0.016648908
3/20/2008,0.018508631,0.002358182
3/24/2008,0.019919623,-0.019343877
3/25/2008,0.001027925,0.004264961
3/26/2008,-0.012236865,-0.004246848
3/27/2008,-0.003205406,-0.006930561
3/28/2008,-0.009560229,0.009663132
3/31/2008,0.003510004,0.003588994
4/1/2008,0.035152151,-0.016291391
4/2/2008,0.00067579,0.002154302
4/3/2008,0.002448084,0.002149671
4/4/2008,-0.001094737,0.009116504
4/7/2008,0.00059012,-0.005181347
4/8/2008,-0.00109529,-0.003472222
4/9/2008,-0.007169366,0.010318949
4/10/2008,0.001359273,-0.00331609
4/11/2008,-0.019428184,0.00678733
4/14/2008,-0.003374286,-0.005948447
4/15/2008,0.002343953,-0.012367021
4/16/2008,0.027108955,-0.009829002
4/17/2008,0.00143351,-0.001631765
4/18/2008,0.010441226,-0.000953419
4/21/2008,0.0005,0.00408998
4/22/2008,-0.004414459,0.003394433
4/23/2008,-0.001589559,-0.00338295
4/24/2008,0.004357298,-0.008418194
4/25/2008,0.009260804,-0.005887991
4/28/2008,0.000247995,0.003030303
4/29/2008,-0.003966942,0.003845098
4/30/2008,-0.005891138,0.007113543
5/1/2008,0.020699441,0.000135833
5/2/2008,0.002780276,-0.012630721
5/5/2008,-0.004811221,0
5/6/2008,0.008685677,-0.007290234
5/7/2008,-0.017871649,0.004295414
5/8/2008,-0.002564103,0.008967991
5/9/2008,-0.001824364,0.003692055
5/12/2008,0.011215419,-0.001498638
5/13/2008,0.000164312,-0.010915541
5/14/2008,0.002053557,0.00041385
5/15/2008,0.012460038,0.009100938
5/16/2008,0.000971581,-0.004099481
5/19/2008,0.002669255,0.001372119
5/20/2008,-0.008067118,0.005206906
5/21/2008,-0.01691607,0.000136314
5/22/2008,0.000165453,-0.011721412
5/23/2008,-0.013482217,0.004413184
5/27/2008,0.007462061,-0.006865303
5/28/2008,0.00457723,-0.008848334
5/29/2008,0.005053434,-0.007253452
5/30/2008,0.002472799,0.006603906
6/2/2008,-0.010277915,0.003908431
6/3/2008,-0.00589848,0.007230256
6/4/2008,-0.000501421,-0.008972943
6/5/2008,0.02006689,-0.005989692
6/6/2008,-0.031967213,0.013032511
6/9/2008,0.002455546,0
6/10/2008,-0.004983529,-0.006501591
6/11/2008,-0.014685908,-0.002367029
6/12/2008,0.003790816,-0.010048849
6/13/2008,0.012616943,-0.002114761
6/16/2008,0.000593321,0.000282566
6/17/2008,-0.004828463,0.001977401
6/18/2008,-0.009703779,0.008457852
6/19/2008,0.001203369,-0.006010623
6/20/2008,-0.016225962,0.005906342
6/23/2008,-0.000959944,0.002097022
6/24/2008,-0.002009085,0.006696429
6/25/2008,0.004726477,0.000415743
6/26/2008,-0.027092952,0.006787644
6/27/2008,-0.005462034,0.011695102
6/30/2008,0.003511299,0.000135999
7/1/2008,0.00314014,-0.002311667
7/2/2008,-0.017171988,0.005179229
7/3/2008,0.001001001,-0.002169492
7/7/2008,-0.010181818,0.004620193
7/8/2008,0.017725937,0.006492628
7/9/2008,-0.019222092,0.004434888
7/10/2008,0.004048583,-0.000133797
7/11/2008,-0.011638563,-0.014184397
7/14/2008,-0.008993973,0.00868739
7/15/2008,-0.014127994,-0.000269143
7/16/2008,0.024580051,-0.018037421
7/17/2008,0.010003705,-0.005209047
7/18/2008,0.006236244,-0.003720546
7/21/2008,0.000546847,0.003872752
7/22/2008,0.011295318,-0.004960044
7/23/2008,0.005404432,-0.002076987
7/24/2008,-0.020695216,0.009851533
7/25/2008,-0.000274449,-0.010030228
7/28/2008,-0.014641288,0.010131853
7/29/2008,0.021359584,-0.004122012
7/30/2008,0.017821422,0.000965784
7/31/2008,-0.013221369,0.00992419
8/1/2008,-0.0053413,0.002320186
8/4/2008,-0.009283699,-0.002314815
8/5/2008,0.027009646,-0.007506483
8/6/2008,0.004472672,-0.003987899
8/7/2008,-0.014961261,0.016153528
8/8/2008,0.018623994,0.002717391
8/11/2008,0.010384308,-0.009485095
8/12/2008,-0.010453268,0.009302326
8/13/2008,-0.006036396,-0.00352399
8/14/2008,0.007591319,0.006528836
8/15/2008,0.004875022,0.008648649
8/18/2008,-0.013672047,0.004019293
8/19/2008,-0.010910392,-0.003869762
8/20/2008,0.004611212,0.002813128
8/21/2008,0.001710017,-0.001870158
8/22/2008,0.014465409,-0.000669165
8/25/2008,-0.02028164,0.010044194
8/26/2008,0.002892786,0.000795545
8/27/2008,0.009734992,0.001722311
8/28/2008,0.012140689,0.000132258
8/29/2008,-0.010760275,-0.004496165
9/2/2008,-0.006151926,0.009298618
9/3/2008,-0.000897102,0.004211635
9/4/2008,-0.030079914,0.008125819
9/5/2008,0.003147565,-0.000520021
9/8/2008,0.020671835,0.004162331
9/9/2008,-0.029746835,0.00984456
9/10/2008,0.00410027,-0.006157004
9/11/2008,0.014477958,-0.000516262
9/12/2008,0.004574147,-0.012913223
9/15/2008,-0.047536654,0.032443747
9/16/2008,0.016732001,-0.000253421
9/17/2008,-0.04495016,0.005069708
9/18/2008,0.029637653,-0.014627995
9/19/2008,0.039686335,-0.031737906
9/22/2008,-0.022626932,-0.00013217
9/23/2008,-0.022774327,-0.003833443
9/24/2008,0.003274268,0.004378981
9/25/2008,0.015645997,-0.001981768
9/26/2008,0.000472545,0.007280911
9/29/2008,-0.078405441,0.029044553
9/30/2008,0.041410414,-0.024393359
10/1/2008,0.000590551,0.01256709
10/2/2008,-0.036297462,0.008144796
10/3/2008,-0.013473512,0.008720185
10/6/2008,-0.050905329,0.018179507
10/7/2008,-0.044805407,-0.002996629
10/8/2008,-0.025222552,-0.014402004
10/9/2008,-0.069781056,-0.008386277
10/10/2008,-0.024292008,-0.007047668
10/13/2008,0.145252838,-0.012775842
10/14/2008,-0.014868214,-0.006535948
10/15/2008,-0.098445003,0.009605263
10/16/2008,0.041724794,-0.005082758
10/17/2008,-0.005965425,-0.006942625
10/20/2008,0.060012247,0.008046432
10/21/2008,-0.029809359,0.005234232
10/22/2008,-0.054424199,0.020307212
10/23/2008,0.011586902,0.007399847
10/24/2008,-0.050796813,-0.010638298
10/27/2008,-0.035414481,0.000768049
10/28/2008,0.11680718,-0.014581734
10/29/2008,-0.007305491,-0.005062305
10/30/2008,0.034588495,-0.009001957
10/31/2008,0.005572021,-0.013033175
11/3/2008,0.002829521,0.002667734
11/4/2008,0.033976017,0.018757483
11/5/2008,-0.041955657,0.011882998
11/6/2008,-0.055423689,-0.007226739
11/7/2008,0.033044352,-0.006499415
11/10/2008,-0.01313549,0.004841031
11/11/2008,-0.030934188,0.002994792
11/12/2008,-0.044003561,0.006361158
11/13/2008,0.062391912,-0.023864809
11/14/2008,-0.049962434,0.019822915
11/17/2008,-0.01318044,0.004405857
11/18/2008,0.018832643,0.012901561
11/19/2008,-0.064105926,0.025601834
11/20/2008,-0.07424009,0.051664183
11/21/2008,0.054017249,-0.014525272
11/24/2008,0.069193224,-0.015578191
11/25/2008,0.007384533,0.029336579
11/26/2008,0.038651206,0.001419111
11/28/2008,0.012575388,0.01228153
12/1/2008,-0.088581929,0.038380775
12/2/2008,0.038515017,0.003819796
12/3/2008,0.024099612,0.002797985
12/4/2008,-0.02314028,0.019642857
12/5/2008,0.030781585,-0.01619965
12/8/2008,0.034925993,-0.00211393
12/9/2008,-0.016434575,0.019734642
12/10/2008,0.006760204,-0.002405423
12/11/2008,-0.024071962,0.001972819
12/12/2008,0.011943399,0
12/15/2008,-0.013983323,0.011376067
12/16/2008,0.047098621,0.024767467
12/17/2008,-0.009691849,0.027124011
12/18/2008,-0.018695107,0.020961776
12/19/2008,-0.004219409,0.001107085
12/22/2008,-0.012840267,-0.007741027
12/23/2008,-0.010405827,-0.001317123
12/24/2008,0.005914826,-0.002130466
12/26/2008,0.005749379,0.003355022
12/29/2008,-0.002858256,-0.001215929
12/30/2008,0.023713355,0.00953637
12/31/2008,0.014254805,-0.020902422
1/2/2009,0.030116702,-0.025146259
1/5/2009,-0.001218175,-0.025794904
1/6/2009,0.006708135,-0.010050794
1/7/2009,-0.029924885,0.003930131
1/8/2009,0.003996503,-0.000869943
1/9/2009,-0.021395696,0.001523727
1/12/2009,-0.024024406,0.010432515
1/13/2009,0.001823392,0.00096795
1/14/2009,-0.031461258,0.016546685
1/15/2009,0.000402685,0.001585456
1/16/2009,0.007782101,-0.015407345
1/20/2009,-0.052722673,-0.000107181
1/21/2009,0.043148278,-0.031621824
1/22/2009,-0.015494476,-0.019260571
1/23/2009,0.004379362,-0.00778781
1/26/2009,0.006812917,-0.008758958
1/27/2009,0.010150223,0.023525361
1/28/2009,0.033896034,-0.025002803
1/29/2009,-0.032525593,-0.02299908
1/30/2009,-0.020358961,-0.003177966
2/2/2009,-0.00300793,0.018656276
2/3/2009,0.014125069,-0.023878521
2/4/2009,-0.004868154,-0.003443772
2/5/2009,0.014811795,0.000834128
2/6/2009,0.028521693,-0.003095607
2/9/2009,0.001301914,0.003224651
2/10/2009,-0.045767781,0.021785714
2/11/2009,0.005859109,0.012932541
2/12/2009,0.000812788,-0.009431792
2/13/2009,-0.01082837,-0.026590804
2/17/2009,-0.042692939,0.031134439
2/18/2009,-0.00242996,-0.008560851
2/19/2009,-0.010746525,-0.016919487
2/20/2009,-0.009704519,0.009614243
2/23/2009,-0.03583443,0.009287562
2/24/2009,0.037924757,-0.00104834
2/25/2009,-0.007892429,-0.011543843
2/26/2009,-0.016205068,-0.010498997
2/27/2009,-0.022461815,-0.005841679
3/2/2009,-0.045036765,0.016548747
3/3/2009,-0.00737889,-0.006606111
3/4/2009,0.023594053,-0.004631279
3/5/2009,-0.040890433,0.027797662
3/6/2009,0.0018107,-0.006616367
3/9/2009,-0.011666119,-0.005842487
3/10/2009,0.059517872,-0.019275976
3/11/2009,0.006590303,0.01090604
3/12/2009,0.039282931,0.004742146
3/13/2009,0.00779961,-0.005073746
3/16/2009,-0.002976633,-0.015773245
3/17/2009,0.030601582,-0.00542234
3/18/2009,0.02230591,0.037921008
3/19/2009,-0.012326438,0.001283997
3/20/2009,-0.021374265,-0.00559571
3/23/2009,0.071826444,-0.008675264
3/24/2009,-0.019693654,0.009578997
3/25/2009,0.010602679,-0.013470774
3/26/2009,0.020430701,0.011517454
3/27/2009,-0.018127706,0.007512619
3/30/2009,-0.03458253,0.0037283
3/31/2009,0.009276438,0.00719675
4/1/2009,0.019372172,0.009104529
4/2/2009,0.029268969,-0.012220192
4/3/2009,0.009973046,-0.020464794
4/6/2009,-0.007872965,-0.004249292
4/7/2009,-0.023268325,0.002489331
4/8/2009,0.010740843,0.008868393
4/9/2009,0.039782016,-0.012541022
4/13/2009,0.000262055,0.00925816
4/14/2009,-0.017291066,0.005174644
4/15/2009,0.010663823,-0.001755002
4/16/2009,0.014639937,-0.007852789
4/17/2009,0.006759392,-0.010986415
4/20/2009,-0.041962556,0.015050167
4/21/2009,0.019541779,-0.009884679
4/22/2009,-0.006080635,-0.006061326
4/23/2009,0.009841734,0
4/24/2009,0.015013829,-0.010044242
4/27/2009,-0.009471909,0.004227564
4/28/2009,-0.00314383,-0.01635795
4/29/2009,0.021287779,-0.008804109
4/30/2009,0.000386001,-0.003947693
5/1/2009,0.005401929,-0.006935843
5/4/2009,0.0340284,0.003367423
5/5/2009,-0.00346406,-0.001243008
5/6/2009,0.017380509,-0.002364655
5/7/2009,-0.013910921,-0.024451098
5/8/2009,0.023264447,0.002429668
5/11/2009,-0.018623776,0.014159969
5/12/2009,-0.002957486,0.003647799
5/13/2009,-0.0252132,0.010903622
5/14/2009,0.008621783,0.003843293
5/15/2009,-0.008170962,-0.000247005
5/18/2009,0.028390368,-0.015565164
5/19/2009,-0.001232438,-0.005270423
5/20/2009,-0.006663376,0.010596695
5/21/2009,-0.014409938,-0.025215329
5/22/2009,-0.002142677,-0.011012934
5/26/2009,0.025641026,-0.015149553
5/27/2009,-0.017857143,-0.01761767
5/28/2009,0.013918495,0.014453961
5/29/2009,0.017684887,0.025725594
6/1/2009,0.02430429,-0.029453376
6/2/2009,0.000830466,0.005300822
6/3/2009,-0.012683736,0.009359346
6/4/2009,0.00936487,-0.020634713
6/5/2009,0.000237897,-0.007601013
6/8/2009,-0.004162207,-0.002553077
6/9/2009,0.005134941,-0.000134716
6/10/2009,-0.002494951,-0.015763945
6/11/2009,0.00440686,0.011088296
6/12/2009,0.002727381,0.009071216
6/15/2009,-0.022942289,0.008989669
6/16/2009,-0.01355604,0.017420213
6/17/2009,-0.000981595,-0.00562018
6/18/2009,0.007369197,-0.015115668
6/19/2009,0.003657644,0.013612705
6/22/2009,-0.030004859,0.009743252
6/23/2009,0.000751409,0.011735559
6/24/2009,0.008634714,-0.010052842
6/25/2009,0.021836228,0.018356985
6/26/2009,-0.0026712,0.001661979
6/29/2009,0.009374239,0.001531589
6/30/2009,-0.008081052,-0.001656684
7/1/2009,0.004134241,-0.002042379
7/2/2009,-0.027246307,0.002430289
7/6/2009,-0.000124486,-0.001913998
7/7/2009,-0.019422311,0.006647916
7/8/2009,-0.00063484,0.018415037
7/9/2009,0.00190573,-0.011846864
7/10/2009,-0.002409333,0.009212519
7/13/2009,0.024405746,-0.00562711
7/14/2009,0.005583819,-0.016599598
7/15/2009,0.029244817,-0.025703325
7/16/2009,-0.001558566,0.010762567
7/17/2009,0.010926993,-0.015452539
7/20/2009,0.010571327,0.005275653
7/21/2009,0.004701457,0.019942272
7/22/2009,-0.000233973,-0.009004374
7/23/2009,0.02211561,-0.018302181
7/24/2009,0.004121351,0.004892239
7/27/2009,0.002850302,-0.011578947
7/28/2009,-0.00466121,0.008919063
7/29/2009,-0.002398629,0.005409685
7/30/2009,0.010419052,0.014173228
7/31/2009,0.001473088,0.019539337
8/3/2009,0.016406427,-0.01510344
8/4/2009,0.002671713,-0.007989691
8/5/2009,-0.002886644,-0.014938945
8/6/2009,-0.00523327,0.003428722
8/7/2009,0.013096038,-0.008411092
8/10/2009,-0.001988731,0.012458582
8/11/2009,-0.012509687,0.01165074
8/12/2009,0.010762332,-0.010740166
8/13/2009,0.007542147,0.014257685
8/14/2009,-0.007595773,0.003868971
8/17/2009,-0.024625624,0.014773895
8/18/2009,0.007960878,-0.005823522
8/19/2009,0.008687803,0.008277092
8/20/2009,0.010402685,0.008209144
8/21/2009,0.019594819,-0.020543655
8/24/2009,-0.000108578,0.018032997
8/25/2009,0.00195461,0.005653266
8/26/2009,0.000108378,0.004622111
8/27/2009,0.002167317,-0.00397911
8/28/2009,-0.000216263,0.004619226
8/31/2009,-0.0088687,0.000994159
9/1/2009,-0.022042776,-0.00248293
9/2/2009,-0.003793796,0.014561294
9/3/2009,0.00828853,-0.006133464
9/4/2009,0.01399689,-0.017032831
9/8/2009,0.008654689,-0.007031642
9/9/2009,0.007711524,-0.001138088
9/10/2009,0.010131494,0.018356754
9/11/2009,-0.000106701,0.005594232
9/14/2009,0.004802049,-0.010013599
9/15/2009,0.004248088,-0.00511988
9/16/2009,0.015122673,0.001882766
9/17/2009,-0.001562663,0.012528188
9/18/2009,0.000730384,-0.008908686
9/21/2009,-0.00260661,0.002247191
9/22/2009,0.005854066,0.002117588
9/23/2009,-0.00831428,0.002983219
9/24/2009,-0.011003982,0.002974346
9/25/2009,-0.005298294,0.012727048
9/28/2009,0.017897092,0.008784773
9/29/2009,-0.00303506,-0.000967586
9/30/2009,-0.003884107,-0.000847458
10/1/2009,-0.024765518,0.013691991
10/2/2009,-0.004754701,-0.006932823
10/5/2009,0.014983713,0.000120366
10/6/2009,0.014334617,-0.009989168
10/7/2009,0.002742038,0.011791879
10/8/2009,0.007677745,-0.010452962
10/9/2009,0.006053648,-0.022948033
10/12/2009,0.003942318,0.001491239
10/13/2009,-0.002066756,0.005211565
10/14/2009,0.017189603,-0.014812986
10/15/2009,0.003664868,-0.004636011
10/16/2009,-0.007404402,0.008182276
10/19/2009,0.008174944,0.007866151
10/20/2009,-0.005270626,0.005450942
10/21/2009,-0.008966782,-0.006037457
10/22/2009,0.010178902,-0.004834511
10/23/2009,-0.011399491,-0.007598406
10/26/2009,-0.010810254,-0.012928329
10/27/2009,-0.004579517,0.013606307
10/28/2009,-0.018925136,0.004767281
10/29/2009,0.02142172,-0.010862779
10/30/2009,-0.028902337,0.014516536
11/2/2009,0.007306329,-0.004479283
11/3/2009,0.003093333,-0.00999875
11/4/2009,0.002658443,-0.009089761
11/5/2009,0.018347651,0
11/6/2009,0.002603624,0.000891833
11/9/2009,0.022852394,0.001272912
11/10/2009,0.000101554,-0.001906941
11/11/2009,0.005178716,0.004203286
11/12/2009,-0.010203051,-0.001775748
11/13/2009,0.005409267,0.004574333
11/16/2009,0.014516293,0.011763218
11/17/2009,0.00120072,0.005375672
11/18/2009,-0.00069958,-0.005844317
11/19/2009,-0.0130013,0.001751094
11/20/2009,-0.003546459,-0.000249719
11/23/2009,0.012711003,-0.001248907
11/24/2009,0.001506175,0.006377392
11/25/2009,0.003509124,0.004597416
11/27/2009,-0.016185433,0.003710575
11/30/2009,0.003351274,0.002341343
12/1/2009,0.012348178,-0.011064667
12/2/2009,-0.00039992,0.000745898
12/3/2009,-0.00790158,-0.010310559
12/4/2009,0.005746547,-0.01066901
12/7/2009,-0.001503609,0.001268714
12/8/2009,-0.011143459,0.001520527
12/9/2009,0.003756345,-0.004554656
12/10/2009,0.005664003,-0.011438739
12/11/2009,0.004224077,-0.000128568
12/14/2009,0.006810215,0.001157259
12/15/2009,-0.004575749,-0.004495248
12/16/2009,0.001498951,-0.00116114
12/17/2009,-0.012073438,0.016533196
12/18/2009,0.005655994,-0.004320203
12/21/2009,0.010244049,-0.017738642
12/22/2009,0.003578885,-0.005716513
12/23/2009,0.001981179,0.000261335
12/24/2009,0.004745428,-0.010320052
12/28/2009,0.002066319,-0.002771911
12/29/2009,-0.001374705,0.006618134
12/30/2009,-0.000393314,0.006574622
12/31/2009,-0.009541609,-0.004833442
1/4/2010,0.016883504,-0.000918876
1/5/2010,0.002636976,0.00643805
1/6/2010,0.000779271,-0.013315927
1/7/2010,0.004185322,0.001720032
1/8/2010,0.003295532,-0.000528332
1/11/2010,0.001449135,-0.005418264
1/12/2010,-0.009357515,0.017140579
1/13/2010,0.0084721,-0.011626388
1/14/2010,0.002703747,0.013877875
1/15/2010,-0.011267334,0.006257333
1/19/2010,0.012564527,-0.00285011
1/20/2010,-0.010196229,0.010133818
1/21/2010,-0.019241983,0.004501608
1/22/2010,-0.022294887,-0.001664533
1/25/2010,0.005168744,-0.00461716
1/26/2010,-0.004234725,0.000386548
1/27/2010,0.004759012,-0.000515198
1/28/2010,-0.011488461,-0.00064433
1/29/2010,-0.010806402,0.008768536
2/1/2010,0.015562197,-0.009075802
2/2/2010,0.012076314,0.002837977
2/3/2010,-0.005013537,-0.011577052
2/4/2010,-0.030837448,0.015877147
2/5/2010,0.002079651,0.002177812
2/8/2010,-0.007263671,0.001278282
2/9/2010,0.012543117,-0.009957871
2/10/2010,-0.001961392,-0.009542231
2/11/2010,0.010550269,-0.005468038
2/12/2010,-0.000921187,0.00418903
2/16/2010,0.015777072,0.001825055
2/17/2010,0.004740292,-0.011450878
2/18/2010,0.005922506,-0.003948927
2/19/2010,0.001995809,0.005418264
2/22/2010,0.000199183,-0.004206099
2/23/2010,-0.012147765,0.015575502
2/24/2010,0.009273259,0.002469457
2/25/2010,-0.001398182,0.005575003
2/26/2010,0.00060006,0.005157298
3/1/2010,0.010394803,-0.000384813
3/2/2010,0.002769809,-0.001283203
3/3/2010,0.000887837,-0.002569703
3/4/2010,0.003055391,0.005281463
3/5/2010,0.014247814,-0.01307022
3/8/2010,0.000193761,-0.005193456
3/9/2010,0.001646649,0.000130514
3/10/2010,0.004545015,-0.002479447
3/11/2010,0.004139392,0.003663004
3/12/2010,9.58681E-05,0.006256517
3/15/2010,0.000287577,-0.00142487
3/16/2010,0.007954001,0.008042548
3/17/2010,0.005894657,0.004246558
3/18/2010,-0.00047259,-0.003331625
3/19/2010,-0.005106383,0.001028542
3/22/2010,0.005322688,0.001155921
3/23/2010,0.007090858,-0.004746632
3/24/2010,-0.004881712,-0.018303687
3/25/2010,-0.001603774,-0.006302521
3/26/2010,-0.000661438,0.002774841
3/29/2010,0.006429652,-0.00382132
3/30/2010,0.000657648,0.003174603
3/31/2010,-0.003473852,0.00685654
4/1/2010,0.006877709,-0.002488214
4/5/2010,0.008140732,-0.016541946
4/6/2010,0.002413217,0.001601922
4/7/2010,-0.005740741,0.012661602
4/8/2010,0.003445707,0.000526454
4/9/2010,0.006589327,0.002367798
4/12/2010,0.001567398,0.005249344
4/13/2010,0.000736445,0.003263708
4/14/2010,0.011406494,-0.007026675
4/15/2010,0.000818554,0.0011794
4/16/2010,-0.015903308,0.007198953
4/19/2010,0.003693785,-0.002469136
4/20/2010,0.008924464,0.003647733
4/21/2010,-0.001732628,0.00817757
4/22/2010,0.002923175,-0.002961246
4/23/2010,0.006557974,-0.00348657
4/26/2010,-0.003800561,0.001036672
4/27/2010,-0.023617041,0.014110032
4/28/2010,0.007535585,-0.008552464
4/29/2010,0.012465374,0.004248745
4/30/2010,-0.016963064,0.011538462
5/3/2010,0.012895445,-0.00139417
5/4/2010,-0.023447518,0.018022592
5/5/2010,-0.006002626,0.005859619
5/6/2010,-0.033213814,0.030986614
5/7/2010,-0.014835058,-0.012503006
5/10/2010,0.043986527,-0.020818115
5/11/2010,-0.00284684,-0.002486634
5/12/2010,0.013989341,-0.007603141
5/13/2010,-0.01238855,0.006531022
5/14/2010,-0.018150717,0.017344647
5/17/2010,0.00058072,-0.003679627
5/18/2010,-0.013639002,0.015388403
5/19/2010,-0.005687947,0.003273521
5/20/2010,-0.037774928,0.021148036
5/21/2010,0.014657647,0.001065089
5/24/2010,-0.012829579,-0.003546519
5/25/2010,0.001023332,0.004982797
5/26/2010,-0.006031486,-0.002951245
5/27/2010,0.033425897,-0.022614255
5/28/2010,-0.012539809,0.004603271
6/1/2010,-0.016831284,0.00699385
6/2/2010,0.026037929,-0.009459945
6/3/2010,0.003496853,-0.007374275
6/4/2010,-0.03514536,0.026915114
6/7/2010,-0.012485812,0.007708729
6/8/2010,0.0107628,-0.00506061
6/9/2010,-0.005375788,-0.001064585
6/10/2010,0.029206943,-0.017880403
6/11/2010,0.004847506,0.012659754
6/14/2010,-0.001507538,-0.005119657
6/15/2010,0.022747861,-0.004068933
6/16/2010,-0.000393662,0.005647681
6/17/2010,0.001673723,0.008125224
6/18/2010,0.001081187,-0.001659358
6/21/2010,-0.002945508,-0.002849341
6/22/2010,-0.016445101,0.011906179
6/23/2010,-0.003103724,0.006824332
6/24/2010,-0.016571256,-0.005960033
6/25/2010,0.004187092,0.004114743
6/28/2010,-0.003152649,0.009366585
6/29/2010,-0.030912059,0.010903607
6/30/2010,-0.009474682,0.006655192
7/1/2010,-0.004463811,0.001595805
7/2/2010,-0.005444646,-0.007966314
7/6/2010,0.006547875,0.008259722
7/7/2010,0.031459955,-0.011719194
7/8/2010,0.009925558,-0.006332029
7/9/2010,0.007473382,-0.005793071
7/12/2010,0.000609694,-0.00034961
7/13/2010,0.015131512,-0.00862672
7/14/2010,-0.00010004,0.010112888
7/15/2010,0.00030015,0.010011641
7/16/2010,-0.027605521,0.004840941
7/19/2010,0.005965851,-0.006194081
7/20/2010,0.011042945,0.001500462
7/21/2010,-0.012944984,0.016941339
7/22/2010,0.022336066,-0.011559383
7/23/2010,0.008618962,-0.010548039
7/26/2010,0.010433227,-0.001738123
7/27/2010,-9.83381E-05,-0.009634359
7/28/2010,-0.006392604,0.003281763
7/29/2010,-0.004949025,-0.000350467
7/30/2010,-9.94728E-05,0.01554283
8/2/2010,0.022483088,-0.014039125
8/3/2010,-0.004767464,0.005835668
8/4/2010,0.006745527,-0.007658389
8/5/2010,-0.001068169,0.004677268
8/6/2010,-0.004082823,0.01094041
8/9/2010,0.005270864,-0.003799217
8/10/2010,-0.005340324,0.00219577
8/11/2010,-0.027430691,0.013376384
8/12/2010,-0.006122654,-0.002503414
8/13/2010,-0.002928701,0.012548483
8/16/2010,-0.000506432,0.025011266
8/17/2010,0.012363194,-0.005715542
8/18/2010,0.001801802,0.002653106
8/19/2010,-0.017386091,0.015545755
8/20/2010,-0.003254017,-0.001085658
8/23/2010,-0.00387676,0.000217368
8/24/2010,-0.014850471,0.015973052
8/25/2010,0.003950515,-0.003208556
8/26/2010,-0.006730869,0.009334764
8/27/2010,0.015533778,-0.028276815
8/30/2010,-0.014577559,0.019144514
8/31/2010,0,0.01116359
9/1/2010,0.030003125,-0.020700637
9/2/2010,0.009305148,-0.010623306
9/3/2010,0.012927147,-0.012380848
9/7/2010,-0.011278195,0.02052363
9/8/2010,0.007004203,-0.007935645
9/9/2010,0.004670111,-0.019723866
9/10/2010,0.005044011,-0.004583054
9/13/2010,0.011119858,0.004828748
9/14/2010,-0.000681265,0.009611086
9/15/2010,0.003895598,-0.014832854
9/16/2010,-0.000291036,-0.00988764
9/17/2010,0.000388161,0.004085338
9/20/2010,0.015229411,0.005764014
9/21/2010,-0.002006497,0.01393415
9/22/2010,-0.004882719,0.008977059
9/23/2010,-0.008081586,0.002855888
9/24/2010,0.020562561,-0.01347207
9/27/2010,-0.004751948,0.017430887
9/28/2010,0.003533231,0.006874727
9/29/2010,-0.001807974,-0.004226726
9/30/2010,-0.002955195,-0.000653026
10/1/2010,0.004206903,-0.004791984
10/4/2010,-0.00752166,0.002516962
10/5/2010,0.020145817,-0.006003711
10/6/2010,-9.4038E-05,0.012629036
10/7/2010,-0.001222609,-0.008350504
10/8/2010,0.005649718,-0.004374453
10/11/2010,0.00093633,0.000219684
10/12/2010,0.003086997,-0.009883593
10/13/2010,0.007740371,-0.001552795
10/14/2010,-0.00388673,-0.014996667
10/15/2010,0.00204385,-0.012179993
10/18/2010,0.004913777,0.008105948
10/19/2010,-0.01310084,0.006002265
10/20/2010,0.009815836,0.002138917
10/21/2010,0.002221811,-0.011907437
10/22/2010,0.001847404,0.006821282
10/25/2010,0.002950396,0.002822945
10/26/2010,0.000183857,-0.015426191
10/27/2010,-0.002849265,-0.008806038
10/28/2010,9.21744E-05,0.002769124
10/29/2010,0.000829493,0.009319986
11/1/2010,0.000276269,-0.004331965
11/2/2010,0.007917511,0.013166934
11/3/2010,0.004018999,-0.020454289
11/4/2010,0.019286754,0.007844947
11/5/2010,0.003748661,-0.01717033
11/8/2010,-0.001867331,0.004542278
11/9/2010,-0.007126949,-0.022144928
11/10/2010,0.003947959,0.001422812
11/11/2010,-0.003753687,-0.000591996
11/12/2010,-0.011841751,-0.005331122
11/15/2010,-0.001361779,-0.020843259
11/16/2010,-0.015636364,0.024814499
11/17/2010,0.000554119,-0.005578635
11/18/2010,0.01467602,0.004058248
11/19/2010,0.002819976,0.006181645
11/22/2010,-0.000907112,0.004253308
11/23/2010,-0.014436172,0.004941176
11/24/2010,0.014739751,-0.017794428
11/26/2010,-0.011620517,0.013825983
11/29/2010,0.003031138,0.008582177
11/30/2010,-0.005586081,0.005245367
12/1/2010,0.021272677,-0.022263451
12/2/2010,0.012804328,-0.002609108
12/3/2010,0.00267094,-0.0078478
12/6/2010,-0.00106553,0.014141898
12/7/2010,0.000533333,-0.021389742
12/8/2010,0.003731343,-0.009660669
12/9/2010,0.003894495,0.004877454
12/10/2010,0.00581908,-0.006067225
12/13/2010,0.000613604,0.003784642
12/14/2010,0.00087604,-0.014594989
12/15/2010,-0.004551422,-0.012959763
12/16/2010,0.005803218,0.006877579
12/17/2010,0.001049043,0.018256334
12/20/2010,0.002445201,-0.001097695
12/21/2010,0.006272323,0.006959707
12/22/2010,0.003116613,-0.007154117
12/23/2010,-0.001380858,-0.001954079
12/27/2010,0.000345692,0.008932942
12/28/2010,0.001468683,-0.019648272
12/29/2010,0.000690131,0.016949153
12/30/2010,-0.001551724,-0.000729927
12/31/2010,0.000259023,0.011078646
1/3/2011,0.010271903,-0.007585792
1/4/2011,-0.000512645,0.001213298
1/5/2011,0.005214567,-0.022055259
1/6/2011,-0.001955949,0.004337051
1/7/2011,-0.001959782,0.005428748
1/10/2011,-0.001280628,0.005399436
1/11/2011,0.003504873,-0.005614549
1/12/2011,0.00902973,-0.007855652
1/13/2011,-0.001604052,0.0090313
1/14/2011,0.007272112,-0.006375674
1/18/2011,0.001678979,-0.004689042
1/19/2011,-0.009805565,0.007190677
1/20/2011,-0.001354211,-0.013786312
1/21/2011,0.00228833,0.007863205
1/24/2011,0.005665483,0.000495356
1/25/2011,0.000588582,0.009530883
1/26/2011,0.003865546,-0.015203531
1/27/2011,0.002427591,0.004482072
1/28/2011,-0.017453027,0.005329698
1/31/2011,0.007479177,-0.00764394
2/1/2011,0.016028345,-0.004969561
2/2/2011,-0.001909665,0.000249719
2/3/2011,0.002246069,-0.0083635
2/4/2011,0.002822045,-0.010070493
2/7/2011,0.006290349,0.00508647
2/8/2011,0.00452377,-0.009109312
2/9/2011,-0.002292639,0.008682329
2/10/2011,0.000410341,-0.011518987
2/11/2011,0.005988515,0.014342425
2/14/2011,0.002364837,0.00075748
2/15/2011,-0.003172795,0.00441529
2/16/2011,0.006365788,-0.003265511
2/17/2011,0.003000568,0.001638105
2/18/2011,0.002021345,-0.00314505
2/22/2011,-0.020011297,0.015017668
2/23/2011,-0.006175381,0.00360562
2/24/2011,-0.0006628,0.006318137
2/25/2011,0.010694744,0.005909147
2/28/2011,0.006152079,0.001346224
3/1/2011,-0.016631339,0.002811049
3/2/2011,0.00215553,-0.01535649
3/3/2011,0.017207148,-0.009778438
3/4/2011,-0.007482108,0.008375
3/7/2011,-0.007866273,-0.006446015
3/8/2011,0.008754542,-0.006113537
3/9/2011,-0.001473719,0.009791614
3/10/2011,-0.018448672,0.016782695
3/11/2011,0.006849887,-0.005746424
3/14/2011,-0.005973617,-0.000368913
3/15/2011,-0.011518237,0.015007996
3/16/2011,-0.018491936,0.011271361
3/17/2011,0.013248451,-0.007670182
3/18/2011,0.003650875,0.002657005
3/21/2011,0.015480924,-0.005902192
3/22/2011,-0.003498834,0.003392706
3/23/2011,0.002925932,-0.001328342
3/24/2011,0.009502376,-0.007496977
3/25/2011,0.003055074,-0.002436647
3/28/2011,-0.002387224,0.001343429
3/29/2011,0.00668372,-0.007683864
3/30/2011,0.006885246,0.007989184
3/31/2011,-0.001302507,-0.002072918
4/1/2011,0.00423867,0.004887586
4/4/2011,0.000811688,0.001094358
4/5/2011,-0.000162206,-0.004008259
4/6/2011,0.00316353,-0.015
4/7/2011,-0.002587531,-0.001980934
4/8/2011,-0.003404945,-0.005334326
4/11/2011,-0.003009843,0.000873036
4/12/2011,-0.007506527,0.010716511
4/13/2011,-8.22098E-05,0.006287757
4/14/2011,0.000739949,-0.000735114
4/15/2011,0.00369701,0.013609613
4/18/2011,-0.011213882,0.002177332
4/19/2011,0.005711921,0.004345202
4/20/2011,0.013663676,-0.006369427
4/21/2011,0.005115713,-0.000967586
4/25/2011,-0.00105025,0.003874092
4/26/2011,0.008572584,0.009647853
4/27/2011,0.006575255,-0.010272336
4/28/2011,0.003186489,0.007723872
4/29/2011,0.002382276,0.002994012
5/2/2011,-0.001505189,0.001671642
5/3/2011,-0.003649635,0.005602575
5/4/2011,-0.006609333,0.004504505
5/5/2011,-0.009058116,0.00955865
5/6/2011,0.004449118,-0.004441847
5/9/2011,0.003865668,-0.00105671
5/10/2011,0.008503811,-0.007169723
5/11/2011,-0.010500358,0.005682491
5/12/2011,0.004743147,-0.006238964
5/13/2011,-0.007681229,0.009002606
5/16/2011,-0.00636994,0.005517727
5/17/2011,-0.000162298,0.010274372
5/18/2011,0.009009009,-0.013290188
5/19/2011,0.00233269,-0.00035137
5/20/2011,-0.007944788,0.000468658
5/23/2011,-0.011567707,0.004918609
5/24/2011,-0.000818398,0.003729169
5/25/2011,0.003276272,-0.004644143
5/26/2011,0.004653441,0.008515106
5/27/2011,0.003819275,-0.000462642
5/31/2011,0.010361855,0.002314279
6/1/2011,-0.0224341,0.013507273
6/2/2011,-0.001065486,-0.019022668
6/3/2011,-0.009927798,0.005689735
6/6/2011,-0.010607442,-0.007504907
6/7/2011,-0.000586314,0.004536994
6/8/2011,-0.004190412,0.007874928
6/9/2011,0.007658643,-0.004021602
6/10/2011,-0.01394805,0.007614213
6/13/2011,0.000762324,-0.005037783
6/14/2011,0.012695726,-0.015074799
6/15/2011,-0.017801922,0.018109592
6/16/2011,0.002212389,0.004590314
6/17/2011,0.002971642,-0.004683573
6/20/2011,0.005163803,0.00114771
6/21/2011,0.013727472,-0.004356299
6/22/2011,-0.006064634,0.000575705
6/23/2011,-0.002841859,0.007710012
6/24/2011,-0.011651299,-0.004225191
6/27/2011,0.008905097,-0.013761468
6/28/2011,0.01302959,-0.008023256
6/29/2011,0.008629989,-0.006681514
6/30/2011,0.009543398,-0.001534104
7/1/2011,0.014750224,-0.001654651
7/5/2011,-0.000803084,0.002249319
7/6/2011,0.001205594,0.00519726
7/7/2011,0.010355623,-0.003055229
7/8/2011,-0.007071349,0.014144272
7/11/2011,-0.01808434,0.014993026
7/12/2011,-0.004319126,0.003435246
7/13/2011,0.003355705,0.002738788
7/14/2011,-0.006933681,-0.01422556
7/15/2011,0.005832101,0.001731702
7/18/2011,-0.008248265,-0.009680765
7/19/2011,0.016304348,0.020714535
7/20/2011,-0.000648193,-0.011743245
7/21/2011,0.013864115,-0.00772958
7/22/2011,0.000719712,0.007557261
7/25/2011,-0.005593735,-0.010962382
7/26/2011,-0.003776921,0.006883678
7/27/2011,-0.020408163,0.000115875
7/28/2011,-0.002964427,0.003707566
7/29/2011,-0.006854972,0.01973912
8/1/2011,-0.004241164,0.01018791
8/2/2011,-0.02555537,0.030031376
8/3/2011,0.005485087,0.001958225
8/4/2011,-0.046880327,0.035504886
8/5/2011,-0.0015203,-0.028835063
8/8/2011,-0.065114196,0.031634636
8/9/2011,0.046560644,0.002930403
8/10/2011,-0.044214573,0.029844516
8/11/2011,0.044919069,-0.05046104
8/12/2011,0.006691109,0.019741756
8/15/2011,0.021214604,-0.010150691
8/16/2011,-0.008559201,0.016597949
8/17/2011,0.000629496,0.017470882
8/18/2011,-0.043138312,0.020543745
8/19/2011,-0.016248709,0.008112168
8/22/2011,0.000763796,-0.002483608
8/23/2011,0.032913566,-0.013843243
8/24/2011,0.014038977,-0.028378105
8/25/2011,-0.015210857,0.010809687
8/26/2011,0.014520903,0.009871465
8/29/2011,0.028717294,-0.013847877
8/30/2011,0.002658632,0.016107383
8/31/2011,0.004419304,-0.0155472
9/1/2011,-0.010471665,0.021263419
9/2/2011,-0.025522454,0.032443905
9/6/2011,-0.007300602,0.010376897
9/7/2011,0.0282221,-0.019087298
9/8/2011,-0.010371033,0.008988542
9/9/2011,-0.026199295,0.010670582
9/12/2011,0.006401336,0.001065478
9/13/2011,0.009218289,-0.014223512
9/14/2011,0.013792474,0.008441303
9/15/2011,0.017298856,-0.015281293
9/16/2011,0.00593393,0.007314421
9/19/2011,-0.009948935,0.019036405
9/20/2011,-0.001156069,0.00423688
9/21/2011,-0.029469373,0.033080832
9/22/2011,-0.03238235,0.037590496
9/23/2011,0.006067501,-0.018606315
9/26/2011,0.023746702,-0.016042293
9/27/2011,0.01122975,-0.01537749
9/28/2011,-0.020480612,-0.000282247
9/29/2011,0.007898894,0.006869942
9/30/2011,-0.02498617,0.025142537
10/3/2011,-0.028463357,0.027534646
10/4/2011,0.021997275,-0.012688554
10/5/2011,0.01847619,-0.007189719
10/6/2011,0.018141014,-0.018466552
10/7/2011,-0.006704629,-0.007378032
10/10/2011,0.033379565,-0.014122457
10/11/2011,0.001073729,-0.003392706
10/12/2011,0.008759385,-0.014562648
10/13/2011,-0.002037923,0.009979848
10/14/2011,0.017135754,-0.014536817
10/17/2011,-0.01911662,0.017354416
10/18/2011,0.019578179,-0.006254738
10/19/2011,-0.011870472,-0.000381461
10/20/2011,0.004416571,-0.007059721
10/21/2011,0.018995691,-0.010568793
10/24/2011,0.012255113,0.001650806
10/25/2011,-0.019438997,0.025399903
10/26/2011,0.010173028,-0.017490782
10/27/2011,0.034773627,-0.033872209
10/28/2011,-0.000249543,0.010557769
10/31/2011,-0.024045262,0.039621526
11/1/2011,-0.027877238,0.03346606
11/2/2011,0.016311497,-0.01247592
11/3/2011,0.01820692,-0.013748258
11/4/2011,-0.006101695,0.001224451
11/7/2011,0.00622442,0.00639699
11/8/2011,0.012795526,-0.012806132
11/9/2011,-0.03689759,0.020736673
11/10/2011,0.00938233,-0.014935065
11/11/2011,0.018848438,-0.006121104
11/14/2011,-0.009461058,0.016107637
11/15/2011,0.004946273,-0.001398732
11/16/2011,-0.015868975,0.009151181
11/17/2011,-0.015866172,0.008050338
11/18/2011,-0.001051433,-0.000275381
11/21/2011,-0.019033418,0.005968231
11/22/2011,-0.003934192,0.011135451
11/23/2011,-0.022082585,0.009839321
11/25/2011,-0.001835873,-0.014570484
11/28/2011,0.028968181,-0.000453556
11/29/2011,0.002770578,-0.008258463
11/30/2011,0.041176471,-0.015556369
12/1/2011,-0.000171204,-0.00501952
12/2/2011,-0.000856164,0.014013453
12/5/2011,0.010882605,-0.002026903
12/6/2011,0.000339069,-0.009601182
12/7/2011,0.003728498,0.003635347
12/8/2011,-0.02195019,0.012445435
12/9/2011,0.016918429,-0.020548574
12/12/2011,-0.014599779,0.011145453
12/13/2011,-0.009303127,0.009355317
12/14/2011,-0.010694722,0.018904286
12/15/2011,0.003603445,-0.003692696
12/16/2011,0.001488747,0.011571144
12/19/2011,-0.010668066,0.012689902
12/20/2011,0.030228036,-0.024885281
12/21/2011,0.001973233,-0.013936652
12/22/2011,0.008819248,0.004221733
12/23/2011,0.008996775,-0.011149698
12/27/2011,0.000757066,0.004713494
12/28/2011,-0.013112549,0.018489559
12/29/2011,0.010305766,0.001896676
12/30/2011,-0.004889563,0.003155143
1/3/2012,0.015926804,-0.015007189
1/4/2012,0.00158439,-0.011860232
1/5/2012,0.002664224,-0.001754224
1/6/2012,-0.002574109,0.007861635
1/9/2012,0.002414252,-0.001743599
1/10/2012,0.008637156,-0.001746645
1/11/2012,0.000576369,0.013076711
1/12/2012,0.002386438,-0.001454413
1/13/2012,-0.005171989,0.009922622
1/17/2012,0.003878528,0.004687218
1/18/2012,0.011097411,-0.012111968
1/19/2012,0.005284553,-0.013804377
1/20/2012,0.003720178,-0.01132701
1/23/2012,-0.002578358,-0.006240686
1/24/2012,-0.001130948,0.00178086
1/25/2012,0.008329964,-0.002432635
1/26/2012,-0.005133141,0.013224536
1/27/2012,-0.000403096,0.003147274
1/30/2012,-0.003468022,0.011811387
1/31/2012,-0.000404662,0.011582307
2/1/2012,0.008825196,-0.011449693
2/2/2012,0.00152488,-0.000455996
2/3/2012,0.01402356,-0.021532847
2/6/2012,-0.000632211,0.00997762
2/7/2012,0.002530444,-0.012371895
2/8/2012,0.002918441,0.000747873
2/9/2012,0.001258356,-0.007473143
2/10/2012,-0.007383552,0.012988235
2/13/2012,0.007438474,0.001300753
2/14/2012,-0.001256775,0.005289041
2/15/2012,-0.004640189,-0.001753738
2/16/2012,0.011061947,-0.008044383
2/17/2012,0.00265708,-0.000279642
2/21/2012,0.000467654,-0.011002331
2/22/2012,-0.003272047,0.012538889
2/23/2012,0.004455213,0
2/24/2012,0.002178819,0.006517691
2/27/2012,0.001708207,0.008880666
2/28/2012,0.002867995,-0.003300935
2/29/2012,-0.003864585,-0.006071757
3/1/2012,0.005121043,-0.009440948
3/2/2012,-0.003010653,0.009344048
3/5/2012,-0.004103755,-0.007868913
3/6/2012,-0.0146167,0.01213026
3/7/2012,0.00702225,-0.006176823
3/8/2012,0.009872287,-0.010018553
3/9/2012,0.003879277,0.002061469
3/12/2012,7.72857E-05,-0.000187021
3/13/2012,0.018083462,-0.01758324
3/14/2012,-0.001138606,-0.025228484
3/15/2012,0.005851508,0.001562653
3/16/2012,0.001359927,0.001950268
3/19/2012,0.003923344,-0.011970803
3/20/2012,-0.002931009,0.004038613
3/21/2012,-0.00165825,0.011282253
3/22/2012,-0.007172518,0.003201397
3/23/2012,0.003269962,0.00947684
3/26/2012,0.014022588,-0.005077115
3/27/2012,-0.003139483,0.007124976
3/28/2012,-0.00494901,-0.001338432
3/29/2012,-0.001733233,0.007466973
3/30/2012,0.004151883,-0.016913721
4/2/2012,0.007292137,0.005509376
4/3/2012,-0.004030152,-0.017302701
4/4/2012,-0.00996628,0.013792429
4/5/2012,-0.000454133,0.0071401
4/9/2012,-0.01128275,0.023376126
4/10/2012,-0.016772612,0.011421082
4/11/2012,0.00810095,-0.012032581
4/12/2012,0.01305826,-0.004122166
4/13/2012,-0.011898406,0.016180621
4/16/2012,-0.000617522,-0.001481207
4/17/2012,0.01482969,-0.000556277
4/18/2012,-0.003424918,0.002875696
4/19/2012,-0.006415152,0.000924984
4/20/2012,0.001691007,0.000184826
4/23/2012,-0.008440761,0.00729927
4/24/2012,0.003791983,-0.007062924
4/25/2012,0.01372292,-0.00517321
4/26/2012,0.00699673,0.006035844
4/27/2012,0.001585983,0.000830718
4/30/2012,-0.003694767,0.000276676
5/1/2012,0.006281692,-0.005163194
5/2/2012,-0.003008424,0.007043559
5/3/2012,-0.007619191,-0.000276091
5/4/2012,-0.016191562,0.007824726
5/7/2012,0.000772678,0.000182682
5/8/2012,-0.004014824,0.005388128
5/9/2012,-0.005968992,0.000635843
5/10/2012,0.002105592,-0.002904866
5/11/2012,-0.003035019,0.008193736
5/14/2012,-0.011084224,0.013996749
5/15/2012,-0.005762096,0.004096536
5/16/2012,-0.003810734,0.002838137
5/17/2012,-0.014823079,0.017688158
5/18/2012,-0.008574664,0.000260711
5/21/2012,0.017216057,-0.002085143
5/22/2012,0.001764659,-0.011144001
5/23/2012,0.000480423,0.00695545
5/24/2012,0.0020008,-0.003847163
5/25/2012,-0.00327476,0.003774247
5/29/2012,0.012100329,-0.003060511
5/30/2012,-0.014489311,0.025348654
5/31/2012,-0.002169197,0.011548332
6/1/2012,-0.025201288,0.023763214
6/4/2012,-0.000495581,-0.007929952
6/5/2012,0.007602677,-0.013405495
6/6/2012,0.02247191,-0.019917293
6/7/2012,0.000641694,0.001463877
6/8/2012,0.007935872,-0.000257954
6/11/2012,-0.01272467,0.004558356
6/12/2012,0.011519252,-0.009075342
6/13/2012,-0.006450585,0.009849663
6/14/2012,0.010660468,-0.001283368
6/15/2012,0.010230788,0.005568406
6/18/2012,0.001884126,0.005367184
6/19/2012,0.009716345,-0.013049742
6/20/2012,-0.001629676,0.004979823
6/21/2012,-0.02246405,0.005296882
6/22/2012,0.007713104,-0.013342398
6/25/2012,-0.016018307,0.014556417
6/26/2012,0.005052125,-0.003990152
6/27/2012,0.009016197,0.001619502
6/28/2012,-0.002925826,0.002467875
6/29/2012,0.024982156,-0.012988115
7/2/2012,0.003017642,0.010320805
7/3/2012,0.006557124,-0.007746659
7/5/2012,-0.004521766,0.005147563
7/6/2012,-0.009469551,0.009303517
7/9/2012,-0.001243588,0.008794926
7/10/2012,-0.008715953,0.002011904
7/11/2012,0.000157011,0.001254915
7/12/2012,-0.004866562,0.007102273
7/13/2012,0.016800757,-0.002654941
7/16/2012,-0.002404779,0.004658514
7/17/2012,0.006842924,-0.007866192
7/18/2012,0.007414272,0.000500751
7/19/2012,0.002683226,-0.002502503
7/20/2012,-0.009175013,0.0122094
7/23/2012,-0.010108805,0.005617978
7/24/2012,-0.008574992,0.007886954
7/25/2012,0.000235886,0.002526899
7/26/2012,0.016429526,-0.009106431
7/27/2012,0.018484145,-0.018872569
7/30/2012,0,0.007443339
7/31/2012,-0.006986104,0.001992363
8/1/2012,-0.000917642,-0.004971002
8/2/2012,-0.006888634,0.005661948
8/3/2012,0.019807322,-0.016145057
8/6/2012,0.001964933,0.000420769
8/7/2012,0.005053553,-0.012870121
8/8/2012,0.00120075,-0.005368556
8/9/2012,0.000824526,-0.000685401
8/10/2012,0.001647693,0.005058299
8/13/2012,-0.000523404,-0.001706048
8/14/2012,0.000149622,-0.013500812
8/15/2012,0.001121999,-0.014118666
8/16/2012,0.007396892,-0.008522228
8/17/2012,0.001335014,0.004873726
8/20/2012,7.40686E-05,0.002116402
8/21/2012,-0.003036587,0.004399859
8/22/2012,0.000445732,0.016471001
8/23/2012,-0.008168115,0.00422341
8/24/2012,0.006064236,-0.000944125
8/27/2012,0.000148832,0.005841924
8/28/2012,-0.000967262,0.002391527
8/29/2012,0.000819245,-0.004345603
8/30/2012,-0.007218336,0.005134788
8/31/2012,0.004722285,0.014133674
9/4/2012,-0.000895255,-0.001007472
9/5/2012,-0.000821386,-0.004706278
9/6/2012,0.020252597,-0.016634299
9/7/2012,0.003882215,-0.004636785
9/10/2012,-0.005691354,0.002415459
9/11/2012,0.002788581,-0.006282272
9/12/2012,0.003366264,-0.012470772
9/13/2012,0.015243235,-0.00394633
9/14/2012,0.004454023,-0.026589188
9/17/2012,-0.003432985,0.012029667
9/18/2012,-0.000789436,0.005004916
9/19/2012,0.000502765,0.006580703
9/20/2012,7.17875E-05,0.002473717
9/21/2012,-0.000430694,0.001145677
9/24/2012,-0.001508079,0.007834507
9/25/2012,-0.010644419,0.009869858
9/26/2012,-0.005597557,0.010724788
9/27/2012,0.009430514,-0.007102516
9/28/2012,-0.004634994,0.000517108
10/1/2012,0.002619325,0.003790163
10/2/2012,0.001088534,-0.001373037
10/3/2012,0.004059442,0.000257798
10/4/2012,0.007147498,-0.012457045
10/5/2012,7.16846E-05,-0.012962157
10/8/2012,-0.003368934,0.008461132
10/9/2012,-0.009925201,-0.001835343
10/10/2012,-0.006392561,0.007092199
10/11/2012,0.000584881,0.006868371
10/12/2012,-0.003288032,0.002504102
10/15/2012,0.008357159,-0.002239449
10/16/2012,0.010105416,-0.013812155
10/17/2012,0.004534331,-0.009278711
10/18/2012,-0.002579351,-0.006096483
10/19/2012,-0.016665469,0.013601209
10/22/2012,0.000146103,-0.006402386
10/23/2012,-0.01387773,0.014299585
10/24/2012,-0.002888675,-0.009920808
10/25/2012,0.002971327,-0.005098005
10/26/2012,-0.000592505,0.014753954
10/31/2012,0,0.005833188
11/1/2012,0.010449088,-0.008136415
11/2/2012,-0.008874221,-0.000785409
11/5/2012,0.002071925,0.005676856
11/6/2012,0.0078275,-0.009465914
11/7/2012,-0.022713951,0.018148343
11/8/2012,-0.011995801,0.014897098
11/9/2012,0.000834725,0.001103004
11/12/2012,0.000834028,0.001610306
11/13/2012,-0.003484848,0.003384667
11/14/2012,-0.013455983,0.000927644
11/15/2012,-0.001695307,-0.001937821
11/16/2012,0.004940178,-0.000928583
11/19/2012,0.020201244,-0.005576679
11/20/2012,0.000451739,-0.01002634
11/21/2012,0.001881397,-0.000600807
11/23/2012,0.013595733,-0.000944693
11/26/2012,-0.002149103,0.004727929
11/27/2012,-0.00505013,0.003935661
11/28/2012,0.007986863,-0.001448781
11/29/2012,0.004665284,0.000170692
11/30/2012,0.000221125,-0.002730608
12/3/2012,-0.00486367,0.000941217
12/4/2012,-0.001481043,0.005812959
12/5/2012,0.001779887,-0.000509944
12/6/2012,0.003405389,0.00212585
12/7/2012,0.003024937,-0.009249045
12/10/2012,0.000441339,0.00445358
12/11/2012,0.006764209,-0.007588677
12/12/2012,0.00051121,-0.011598935
12/13/2012,-0.006131387,0.00069541
12/14/2012,-0.00367215,0.007557331
12/17/2012,0.011720478,-0.015001293
12/18/2012,0.011147541,-0.010153173
12/19/2012,-0.007421819,0.00327173
12/20/2012,0.005735027,0.000176274
12/21/2012,-0.009094846,0.010927036
12/24/2012,-0.003059441,-0.001830544
12/26/2012,-0.004237907,0.003580473
12/27/2012,-0.00132081,0.003393665
12/28/2012,-0.010800882,0.005723701
12/31/2012,0.017009582,-0.017332069
1/2/2013,0.025635408,-0.013338013
1/3/2013,-0.002278715,-0.013518321
1/4/2013,0.004353722,0.003876668
1/7/2013,-0.002700398,0.000449035
1/8/2013,-0.002921476,0.006552962
1/9/2013,0.002572715,-0.000891822
1/10/2013,0.007983463,-0.002767116
1/11/2013,-7.07164E-05,0.008861439
1/14/2013,-0.000707214,-0.002750421
1/15/2013,0.000707714,0.004626335
1/16/2013,-0.000141443,0.002125399
1/17/2013,0.006436554,-0.009985861
1/18/2013,0.002248928,0.007676515
1/22/2013,0.005399341,0.0019488
1/23/2013,0.001604129,-0.001502962
1/24/2013,0.000278532,-0.003541704
1/25/2013,0.005569092,-0.013684023
1/28/2013,-0.001176878,-0.003603604
1/29/2013,0.003950652,-0.005515371
1/30/2013,-0.003935105,-0.00172743
1/31/2013,-0.002495148,0.004826958
2/1/2013,0.010352974,-0.012961117
2/4/2013,-0.011278454,0.012855831
2/5/2013,0.010085553,-0.008884859
2/6/2013,0.000757471,0.008141237
2/7/2013,-0.001307369,-0.002177661
2/8/2013,0.00551192,0.003819223
2/11/2013,-0.000205564,-0.000724703
2/12/2013,0.001713385,-0.002538301
2/13/2013,0.000821018,-0.008088703
2/14/2013,0.000888707,0.009070918
2/15/2013,-0.001161123,-0.002905657
2/19/2013,0.007521882,-0.005008651
2/20/2013,-0.012488123,0.003020319
2/21/2013,-0.00604811,0.005839949
2/22/2013,0.009749689,0.000725755
2/25/2013,-0.019037184,0.01958118
2/26/2013,0.006841187,-0.005779319
2/27/2013,0.012618734,-0.002951172
2/28/2013,-0.001985621,0.001883577
3/1/2013,0.003293085,0.005461056
3/4/2013,0.005333698,-0.005342356
3/5/2013,0.00897837,-0.00286456
3/6/2013,0.001348254,-0.009067241
3/7/2013,0.001817692,-0.00770067
3/8/2013,0.004233586,-0.010408107
3/11/2013,0.00381424,0.000922594
3/12/2013,-0.002266516,0.007281777
3/13/2013,0.0014699,-0.001098097
3/14/2013,0.005270532,-0.003023085
3/15/2013,-0.001327316,0.004686208
3/18/2013,-0.005515683,0.007682458
3/19/2013,-0.002271968,0.006716282
3/20/2013,0.006965374,-0.011179228
3/21/2013,-0.00857998,0.009664478
3/22/2013,0.008050449,0.000812714
3/25/2013,-0.004192733,-0.000992511
3/26/2013,0.008019782,0.001264451
3/27/2013,0,0.008479163
3/28/2013,0.003116091,-0.00509839
4/1/2013,-0.003965631,0.007551919
4/2/2013,0.004910418,-0.004015348
4/3/2013,-0.010103011,0.008958968
4/4/2013,0.004002401,0.011898419
4/5/2013,-0.004451531,0.02018252
4/8/2013,0.006740523,-0.007655255
4/9/2013,0.003447133,-0.002426974
4/10/2013,0.012287772,-0.013728386
4/11/2013,0.003263069,0.001938155
4/12/2013,-0.002471866,0.014859756
4/15/2013,-0.023149658,0.00875065
4/16/2013,0.014753004,-0.008245298
4/17/2013,-0.014604302,0.006668399
4/18/2013,-0.006275452,0.002408809
4/19/2013,0.008733624,-0.002145554
4/22/2013,0.004395604,0.00077406
4/23/2013,0.010344142,-0.003523548
4/24/2013,0.000590667,0.002587322
4/25/2013,0.00406664,-0.004387097
4/26/2013,-0.001763784,0.009158459
4/29/2013,0.006740397,-0.00359589
4/30/2013,0.002340094,0.000515553
5/1/2013,-0.008754864,0.010305737
5/2/2013,0.009290154,-0.001275077
5/3/2013,0.010112141,-0.023576475
5/6/2013,0.0025669,-0.002527894
5/7/2013,0.005056647,-0.003845146
5/8/2013,0.004585403,0.001579086
5/9/2013,-0.002852796,-0.002627661
5/10/2013,0.003242418,-0.010713972
5/13/2013,0.000823828,-0.007634265
5/14/2013,0.010321028,-0.01091332
5/15/2013,0.005389822,0.006692593
5/16/2013,-0.004675228,0.010421346
5/17/2013,0.009644893,-0.012625589
5/20/2013,-6.20309E-05,-0.001260693
5/21/2013,0.001488834,0.007934361
5/22/2013,-0.007433102,-0.014849271
5/23/2013,-0.0029331,0.004721693
5/24/2013,-0.00081367,0.001355626
5/28/2013,0.00601353,-0.025361011
5/29/2013,-0.006537983,0.011297342
5/30/2013,0.0036979,-0.002472301
5/31/2013,-0.014362433,-0.003396365
6/3/2013,0.005511911,0.005342176
6/4/2013,-0.004788608,-0.009253321
6/5/2013,-0.01399177,0.013778435
6/6/2013,0.009053551,-0.000547295
6/7/2013,0.012726694,-0.017888108
6/10/2013,0,-0.004832265
6/11/2013,-0.010304744,0.011952563
6/12/2013,-0.008316932,-0.014302851
6/13/2013,0.015236876,0.015633776
6/14/2013,-0.006305965,-0.002396534
6/17/2013,0.007742099,-0.005266562
6/18/2013,0.007871537,0.00055731
6/19/2013,-0.013808185,-0.010304493
6/20/2013,-0.024771921,-0.01641497
6/21/2013,0.00324823,-0.016975014
6/24/2013,-0.012691834,0.004171517
6/25/2013,0.009641241,-0.00888803
6/26/2013,0.009873977,0.006433376
6/27/2013,0.005917921,0.010266344
6/28/2013,-0.004092595,0.006806634
7/1/2013,0.005843072,0.001999619
7/2/2013,-0.000957549,-0.00066521
7/3/2013,0.000447284,-0.002947889
7/5/2013,0.010793894,-0.034048641
7/8/2013,0.005686844,0.009676145
7/9/2013,0.007225434,0.000977899
7/10/2013,0.000374275,-0.007815553
7/11/2013,0.013593565,0.011717212
7/12/2013,0.000430637,-0.000778589
7/15/2013,0.003812569,0.005259569
7/16/2013,-0.003736829,0.003391144
7/17/2013,0.002582549,0.001834685
7/18/2013,0.005458448,-0.012433735
7/19/2013,0.00176894,0.015811048
7/22/2013,0.001948487,0.001441199
7/23/2013,-0.002127013,-0.004221433
7/24/2013,-0.00365408,-0.01262164
7/25/2013,0.002444988,-0.00039032
7/26/2013,0.001036585,0.006149941
7/29/2013,-0.003045623,-0.00737363
7/30/2013,0,-0.000293226
7/31/2013,0.000672084,0.003617521
8/1/2013,0.011600928,-0.019288846
8/2/2013,0.001690005,0.011026125
8/5/2013,-0.001446132,-0.007663588
8/6/2013,-0.005732561,0.002871287
8/7/2013,-0.003216605,0.007503209
8/8/2013,0.00365319,0.002645762
8/9/2013,-0.00285125,0.001661454
8/12/2013,-0.001216767,-0.006829935
8/13/2013,0.002984711,-0.014441497
8/14/2013,-0.005162152,0.001495215
8/15/2013,-0.013979611,-0.013536379
8/16/2013,-0.003281327,-0.003430532
8/19/2013,-0.006397913,-0.008707097
8/20/2013,0.004938735,0.007660096
8/21/2013,-0.006158631,-0.010946686
8/22/2013,0.009076114,0.010248002
8/23/2013,0.003411699,0.010854129
8/26/2013,-0.003771019,0.00491721
8/27/2013,-0.016071983,0.012682245
8/28/2013,0.003531786,-0.008184597
8/29/2013,0.001633987,0.008053291
8/30/2013,-0.0031999,-0.001183549
9/3/2013,0.004532007,-0.014120668
9/4/2013,0.008271195,-0.002203526
9/5/2013,0.001242931,-0.013953021
9/6/2013,0.000496555,0.004988293
9/9/2013,0.009615981,0.000506483
9/10/2013,0.007373725,-0.006985927
9/11/2013,0.003110894,0.00887031
9/12/2013,-0.002614777,-0.001313795
9/13/2013,0.002255822,0.003845375
9/16/2013,0.00577894,-0.006653226
9/17/2013,0.004475626,0.008321494
9/18/2013,0.011560694,0.012278583
9/19/2013,-0.001666667,-0.005865977
9/20/2013,-0.007035535,0.00520052
9/23/2013,-0.004623514,0.007362451
9/24/2013,-0.002352657,0.010765432
9/25/2013,-0.002902407,0.002149697
9/26/2013,0.00388114,-0.007020281
9/27/2013,-0.004591035,0.002454831
9/30/2013,-0.005340454,-0.001567245
10/1/2013,0.007931666,-0.003041303
10/2/2013,-0.000968523,0.001574493
10/3/2013,-0.009209889,-0.001670269
10/4/2013,0.00758317,-0.000688909
10/7/2013,-0.008679291,0.004037818
10/8/2013,-0.01163289,0.000294262
10/9/2013,0.000743356,-0.008040792
10/10/2013,0.021541318,0.001680506
10/11/2013,0.00648367,-0.000296062
10/14/2013,0.00397351,-0.008094768
10/15/2013,-0.007255937,-0.000696656
10/16/2013,0.013953488,0.012548551
10/17/2013,0.006672227,0.009048884
10/18/2013,0.006746361,0.002144459
10/21/2013,5.8782E-05,-0.003112538
10/22/2013,0.00581908,0.011123036
10/23/2013,-0.004791959,0.003859886
10/24/2013,0.003347035,-0.003845045
10/25/2013,0.004564874,0.003666892
10/28/2013,0.001572968,-0.003365061
10/29/2013,0.005351326,0.0012541
10/30/2013,-0.0049757,-0.005973601
10/31/2013,-0.002849169,0.002132403
11/1/2013,0.00239081,-0.010832769
11/4/2013,0.003490401,0.000977804
11/5/2013,-0.003130435,-0.012015239
11/6/2013,0.005117469,0.000494364
11/7/2013,-0.012670678,0.008498864
11/8/2013,0.013477879,-0.02410583
11/11/2013,0.000173461,-0.003715232
11/12/2013,-0.002023355,0.004636162
11/13/2013,0.008051903,0.003711878
11/14/2013,0.004941961,0.006096952
11/15/2013,0.004403019,0.002086231
11/18/2013,-0.003529747,0.00594825
11/19/2013,-0.002171056,-0.00758845
11/20/2013,-0.003149155,-0.016981132
11/21/2013,0.008098794,0.001616325
11/22/2013,0.005013959,0.009379728
11/25/2013,-0.001020466,0.002797762
11/26/2013,0.000283752,0.003786369
11/27/2013,0.002439578,-0.001687512
11/29/2013,-0.000679156,0.0002983
12/2/2013,-0.002605199,-0.007852883
12/3/2013,-0.004315485,0.003707043
12/4/2013,-0.000114058,-0.009582751
12/5/2013,-0.004391718,-0.002822012
12/6/2013,0.011170944,0.004851425
12/9/2013,0.002549431,0.002313418
12/10/2013,-0.003560127,0.007124937
12/11/2013,-0.011228946,-0.007672379
12/12/2013,-0.003326642,-0.003815644
12/13/2013,-0.000115095,0.004939018
12/16/2013,0.006273381,-0.003711133
12/17/2013,-0.003202928,0.004429679
12/18/2013,0.017098921,-0.005011527
12/19/2013,-0.0011847,-0.000906618
12/20/2013,0.005817566,0.01532567
12/23/2013,0.005334681,-0.005660377
12/24/2013,0.002178406,-0.007989614
12/26/2013,0.005127633,-0.003825632
12/27/2013,-5.54508E-05,-0.002829712
12/30/2013,-0.000166362,0.006790311
12/31/2013,0.004714365,-0.006341856
1/2/2014,-0.009605299,0.003140513
1/3/2014,-0.000167215,0
1/6/2014,-0.002898874,0.004140578
1/7/2014,0.006150062,0.002514332
1/8/2014,0.000222272,-0.002708668
1/9/2014,0.000666667,0.005834423
1/10/2014,0.002720409,0.0120012
1/13/2014,-0.013288301,0.0049412
1/14/2014,0.010886033,-0.00462189
1/15/2014,0.005384402,-0.000987947
1/16/2014,-0.001269876,0.006724684
1/17/2014,-0.004256731,0.004125737
1/21/2014,0.002942483,0.000782626
1/22/2014,0.000664268,-0.002443793
1/23/2014,-0.008187199,0.01411073
1/24/2014,-0.021362039,0.006474055
1/27/2014,-0.004901402,-0.007008449
1/28/2014,0.005956472,0.002513777
1/29/2014,-0.009621954,0.008197512
1/30/2014,0.010577752,-0.002869715
1/31/2014,-0.005802378,0.006715272
2/3/2014,-0.022543915,0.012197446
2/4/2014,0.007024527,-0.010638298
2/5/2014,-0.001278847,-0.009230184
2/6/2014,0.013212269,-0.004321936
2/7/2014,0.012408088,0.000868139
2/10/2014,0.001815706,0.002794911
2/11/2014,0.010931128,-0.005766458
2/12/2014,0.00050423,-0.005219913
2/13/2014,0.005151753,0.005635993
2/14/2014,0.00551532,0.000579766
2/18/2014,0.001218904,0.002317721
2/19/2014,-0.006640474,-0.004239329
2/20/2014,0.005904964,-0.002418965
2/21/2014,-0.001107604,0.005237633
2/24/2014,0.005544159,-0.002508684
2/25/2014,-0.000385951,0.008899207
2/26/2014,5.51572E-05,0.005369128
2/27/2014,0.005239645,0.005435819
2/28/2014,0.002523867,0.000569098
3/3/2014,-0.007059982,0.0066357
3/4/2014,0.014055007,-0.015067332
3/5/2014,0.000924013,0.002199063
3/6/2014,0.002280749,-0.009826369
3/7/2014,0.00043344,-0.006358994
3/10/2014,-0.000541565,0.001454475
3/11/2014,-0.004930913,0.002614253
3/12/2014,0.000272272,0.006953163
3/13/2014,-0.011214546,0.013426681
3/14/2014,-0.002807906,0.000189268
3/17/2014,0.00905477,-0.007380074
3/18/2014,0.007113154,0.003526833
3/19/2014,-0.005324351,-0.007693769
3/20/2014,0.00584444,-0.001818704
3/21/2014,-0.003855553,0.01083621
3/24/2014,-0.004143044,0.007115074
3/25/2014,0.004762426,-0.003767898
3/26/2014,-0.007191501,0.007847958
3/27/2014,-0.002140153,0.005066141
3/28/2014,0.004949406,-0.005694017
3/31/2014,0.008208383,-0.002440856
4/1/2014,0.006621798,-0.0085639
4/2/2014,0.003343039,-0.005695301
4/3/2014,-0.001343508,0.004295943
4/4/2014,-0.011838777,0.006749049
4/7/2014,-0.011054839,0.005948447
4/8/2014,0.004129956,0.002440398
4/9/2014,0.01074856,-0.004962547
4/10/2014,-0.020997233,0.009221794
4/11/2014,-0.008978054,0.008111888
4/14/2014,0.007885024,-0.002589715
4/15/2014,0.006880098,0.006212908
4/16/2014,0.01047005,0.001290204
4/17/2014,0.001363364,-0.0109526
4/21/2014,0.003485459,-0.000837521
4/22/2014,0.004558776,0.003352892
4/23/2014,-0.002323069,0.005755129
4/24/2014,0.002003574,0.00184587
4/25/2014,-0.008160398,0.001473975
4/28/2014,0.003160246,-0.004875356
4/29/2014,0.004616805,-0.001294139
4/30/2014,0.003027682,0.004165124
5/1/2014,0.000107805,0.01069223
5/2/2014,-0.001455212,0.006110351
5/5/2014,0.001889135,-0.005982596
5/6/2014,-0.008673634,0.004012402
5/7/2014,0.005869246,-0.003542234
5/8/2014,-0.001026528,-0.004284022
5/9/2014,0.001460249,-0.003203955
5/12/2014,0.009720797,-0.004040775
5/13/2014,0.000909237,0.00857538
5/14/2014,-0.004755798,0.010879503
5/15/2014,-0.008751678,0.007958759
5/16/2014,0.00346658,-0.002781516
5/19/2014,0.003670517,-0.007468058
5/20/2014,-0.006292352,0.00226634
5/21/2014,0.008388808,-0.006150507
5/22/2014,0.002468871,-0.001365126
5/23/2014,0.004015419,0.005285701
5/27/2014,0.006132352,0.005892485
5/28/2014,-0.000741997,0.012346792
5/29/2014,0.005197836,-0.005341405
5/30/2014,0.001582946,-0.000358006
6/2/2014,0.001158993,-0.007520817
6/3/2014,-0.000526205,-0.012268832
6/4/2014,0.002000632,-0.000273998
6/5/2014,0.006515343,0.000456788
6/6/2014,0.004802673,0
6/9/2014,0.001039069,-0.001461054
6/10/2014,0.000103799,-0.003657979
6/11/2014,-0.003476907,0.001835704
6/12/2014,-0.007082227,0.008886853
6/13/2014,0.003041905,-0.00054486
6/16/2014,0.000836601,0.002453207
6/17/2014,0.002768925,-0.007885435
6/18/2014,0.007346046,0.007765394
6/19/2014,0.001086113,-0.012872813
6/20/2014,0.002066543,0.007622371
6/23/2014,-0.000309342,-0.003189938
6/24/2014,-0.006034038,0.010149035
6/25/2014,0.004514087,0.002624909
6/26/2014,-0.00072314,0.004784689
6/27/2014,0.00196423,-0.001527403
6/30/2014,-0.000515889,0.002429587
7/1/2014,0.006710024,-0.008348294
7/2/2014,0.000974159,-0.010681633
7/3/2014,0.004917277,-0.003568488
7/7/2014,-0.003466028,0.007254362
7/8/2014,-0.006444683,0.01121342
7/9/2014,0.004530245,0.000811396
7/10/2014,-0.003997335,0.000270246
7/11/2014,0.001389246,0.006394092
7/14/2014,0.005035454,-0.004295302
7/15/2014,-0.001891616,-0.002067044
7/16/2014,0.003739179,0.005313401
7/17/2014,-0.011379873,0.012631013
7/18/2014,0.01022041,-0.003184713
7/21/2014,-0.001890552,0.004969826
7/22/2014,0.004351387,0.002031084
7/23/2014,0.002242724,-0.001321935
7/24/2014,5.08569E-05,-0.007412637
7/25/2014,-0.0046786,0.011824324
7/28/2014,0.000408747,-0.001405852
7/29/2014,-0.004290092,0.003607567
7/30/2014,0.000153878,-0.013852358
7/31/2014,-0.019744602,-0.00302276
8/1/2014,-0.003086743,0.007758159
8/4/2014,0.007242194,-0.002566145
8/5/2014,-0.009691033,0.003193754
8/6/2014,0.000315673,0.000619031
8/7/2014,-0.005417346,0.009368095
8/8/2014,0.011581174,-0.00218895
8/11/2014,0.002875216,-8.77501E-05
8/12/2014,-0.001407423,-0.006494076
8/13/2014,0.006786031,0.006536525
8/14/2014,0.004718204,0.008073717
8/15/2014,-0.00020642,0.010881866
8/18/2014,0.008361722,-0.009903548
8/19/2014,0.00522113,-0.003131252
8/20/2014,0.002698849,-0.001657796
8/21/2014,0.002894723,0.005593428
8/22/2014,-0.001569779,0.005649226
8/25/2014,0.005071765,0.003716187
8/26/2014,0.000656002,-0.003271913
8/27/2014,-0.000403429,0.008552177
8/28/2014,-0.00050449,0.005224839
8/29/2014,0.00282657,0.000681663
9/2/2014,-0.000503322,-0.017200272
9/3/2014,-0.000553933,0.005544966
9/4/2014,-0.001461178,-0.012235051
9/5/2014,0.004541326,-0.001831821
9/8/2014,-0.002612015,0.000436948
9/9/2014,-0.006345689,-0.000786164
9/10/2014,0.003801318,-0.006294256
9/11/2014,0.001110831,-0.00334301
9/12/2014,-0.005800171,-0.010504016
9/15/2014,-0.000760958,0.001516503
9/16/2014,0.007513835,-0.004008195
9/17/2014,0.001360544,-0.002593454
9/18/2014,0.005334138,0.003227831
9/19/2014,-0.000900991,0.012691036
9/22/2014,-0.007715431,0.001235548
9/23/2014,-0.005755832,0.006170119
9/24/2014,0.007820435,-0.005519054
9/25/2014,-0.016124156,0.011804087
9/26/2014,0.007938134,-0.001480063
9/29/2014,-0.001778365,0.008021624
9/30/2014,-0.002646849,-0.005622351
10/1/2014,-0.013575584,0.019398051
10/2/2014,0.000155215,-0.008703814
10/3/2014,0.011018571,0.004217956
10/6/2014,-0.001176832,0.000600034
10/7/2014,-0.015419292,0.013535509
10/8/2014,0.01748179,0.000253571
10/9/2014,-0.019840458,-0.004394119
10/10/2014,-0.011425292,0.009930402
10/13/2014,-0.016412476,0.006134969
10/14/2014,0.001555961,0.006515202
10/15/2014,-0.006749879,0.007883817
10/16/2014,-0.000862952,-0.006340058
10/17/2014,0.011821862,-0.005551873
10/20/2014,0.009709774,0.003583035
10/21/2014,0.019761175,-0.007970774
10/22/2014,-0.007098446,0.001088048
10/23/2014,0.011637009,-0.008862135
10/24/2014,0.007685959,0.001012231
10/27/2014,-0.001382135,0.001853881
10/28/2014,0.011482469,-0.006308352
10/29/2014,-0.001520373,0.002285424
10/30/2014,0.006446046,0.000844523
10/31/2014,0.011397448,-0.002615813
11/3/2014,0.000548492,0
11/4/2014,-0.003438652,0.003130288
11/5/2014,0.006300945,-0.001433752
11/6/2014,0.00397555,-0.006503378
11/7/2014,0.000940454,0.011561676
11/10/2014,0.00316487,-0.009244474
11/11/2014,0.000985902,0.000678599
11/12/2014,-0.001083424,-0.000847673
11/13/2014,0.001133899,0.002375498
11/14/2014,0.000246221,0.004909014
11/17/2014,0.000640016,-0.002526741
11/18/2014,0.005756458,0.002786456
11/19/2014,-0.001614323,-0.006399461
11/20/2014,0.001763928,0.005254237
11/21/2014,0.005380289,0.0059855
11/24/2014,0.002773048,0.000838012
11/25/2014,-0.000727731,0.008373106
11/26/2014,0.00257319,0.002657145
11/28/2014,-0.002130751,0.007950311
12/1/2014,-0.006939726,-0.005833539
12/2/2014,0.006450667,-0.009752066
12/3/2014,0.003884438,0.00392255
12/4/2014,-0.001112455,0.008396375
12/5/2014,0.00164633,-0.005853256
12/8/2014,-0.006671179,0.012190066
12/9/2014,-0.000681332,0.005161396
12/10/2014,-0.016070907,0.007335561
12/11/2014,0.005098,0.004126547
12/12/2014,-0.016152066,0.01353747
12/15/2014,-0.006907253,-0.002067101
12/16/2014,-0.008013709,0.01234863
12/17/2014,0.019611828,-0.008971433
12/18/2014,0.024715966,-0.01778766
12/19/2014,0.004279323,0.013420648
12/22/2014,0.004600039,0.001356203
12/23/2014,0.001349593,-0.019837476
12/24/2014,9.62696E-05,0.005445826
12/26/2014,0.00322472,0.003718674
12/29/2014,0.001343312,0.007490335
12/30/2014,-0.005366041,0.002718043
12/31/2014,-0.009922929,0.001913418
1/2/2015,-0.000535176,0.011060715
1/5/2015,-0.01805968,0.015740595
1/6/2015,-0.009418997,0.017976135
1/7/2015,0.012461215,-0.001978992
1/8/2015,0.017745045,-0.013194021
1/9/2015,-0.008013599,0.010974573
1/12/2015,-0.007833537,0.00565706
1/13/2015,-0.002812731,0
1/14/2015,-0.006037213,0.007601672
1/15/2015,-0.009160609,0.015767635
1/16/2015,0.01311426,-0.012774807
1/20/2015,0.002132619,0.01331628
1/21/2015,0.005048006,-0.011582152
1/22/2015,0.014870987,-0.003605498
1/23/2015,-0.005482775,0.013946476
1/26/2015,0.002341806,-0.003048327
1/27/2015,-0.013190557,0.001566112
1/28/2015,-0.012824307,0.016306776
1/29/2015,0.00924353,-0.006520624
1/30/2015,-0.01257488,0.017699115
2/2/2015,0.012384056,-0.003768116
2/3/2015,0.014461173,-0.021166715
2/4/2015,-0.00380785,0.001709148
2/5/2015,0.01009507,-0.010979228
2/6/2015,-0.002765379,-0.01770177
2/9/2015,-0.004475797,-0.001603543
2/10/2015,0.010653374,-0.007954111
2/11/2015,0.000580243,0.001850281
2/12/2015,0.009616779,-0.003308965
2/13/2015,0.004116408,-0.010268684
2/17/2015,0.001573077,-0.015055777
2/18/2015,9.51882E-05,0.005940124
2/19/2015,-0.000713844,-0.006613652
2/20/2015,0.006000571,0.002932551
